rank,code_point_hex,char,doc_count
0,0,all,3753
1,65e5,日,3736
2,6708,月,3684
3,5e74,年,3626
4,51fa,出,3252
5,65b0,新,3024
6,672c,本,2814
7,805e,聞,2736
8,5831,報,2690
9,884c,行,2570
10,5178,典,2485
11,5927,大,2444
12,767a,発,2430
13,6642,時,2406
14,540c,同,2386
15,4e8b,事,2366
16,5f8c,後,2340
17,4eba,人,2315
18,4e2d,中,2255
19,4f1a,会,2178
20,4e0a,上,2150
21,4e00,一,1965
22,56fd,国,1934
23,8005,者,1925
24,793e,社,1906
25,901a,通,1904
26,95a2,関,1873
27,5206,分,1866
28,9593,間,1843
29,60c5,情,1840
30,90e8,部,1815
31,8868,表,1812
32,898b,見,1798
33,524d,前,1793
34,5b9a,定,1763
35,9023,連,1728
36,5408,合,1720
37,6771,東,1658
38,4eca,今,1654
39,5730,地,1647
40,5185,内,1644
41,4ee5,以,1618
42,751f,生,1613
43,660e,明,1611
44,56de,回,1564
45,5bfe,対,1563
46,73fe,現,1527
47,958b,開,1521
48,65b9,方,1517
49,7d4c,経,1516
50,5e02,市,1508
51,5834,場,1490
52,58f2,売,1479
53,9577,長,1475
54,671d,朝,1467
55,5f53,当,1453
56,6700,最,1423
57,6e90,源,1400
58,624b,手,1399
59,5168,全,1387
60,9053,道,1384
61,8a18,記,1377
62,5165,入,1372
63,4fe1,信,1343
64,4e0b,下,1310
65,76ee,目,1290
66,9ad8,高,1276
67,54e1,員,1256
68,81ea,自,1249
69,4eac,京,1238
70,8aad,読,1225
71,6c7a,決,1199
72,6027,性,1186
73,770c,県,1184
74,53d6,取,1168
75,5348,午,1165
76,6240,所,1153
77,521d,初,1147
78,7acb,立,1126
79,53d7,受,1109
80,5ea6,度,1089
81,696d,業,1075
82,6b73,歳,1064
82,6210,成,1064
83,5916,外,1063
84,4f53,体,1059
85,5b50,子,1057
86,4e88,予,1049
86,7d04,約,1049
87,4ee3,代,1046
88,5b9f,実,1032
89,5728,在,1026
90,7d9a,続,1025
91,4e0d,不,1020
92,7684,的,1011
93,52d5,動,1009
93,8a8d,認,1009
94,7528,用,1007
95,7530,田,1005
96,9078,選,1003
97,540d,名,997
98,5317,北,996
99,5171,共,994
100,8abf,調,985
101,6570,数,982
102,52d9,務,963
103,7406,理,953
104,516c,公,944
105,6bce,毎,942
106,6765,来,939
107,7b2c,第,935
108,90fd,都,926
109,8fd1,近,916
110,4ed8,付,914
111,8b66,警,911
112,6b7b,死,908
113,7523,産,903
114,91d1,金,891
115,76f8,相,872
116,4e3b,主,871
117,671f,期,858
118,77e5,知,857
119,91ce,野,854
119,6c17,気,854
120,6a5f,機,852
121,9001,送,849
122,8a71,話,839
123,5c71,山,838
124,7d50,結,836
125,4e07,万,827
126,6c11,民,826
127,897f,西,822
128,5cf6,島,814
128,610f,意,814
129,80fd,能,807
130,969b,際,803
131,6b62,止,802
132,6c0f,氏,796
133,6226,戦,793
134,6307,指,789
135,6d77,海,788
136,78ba,確,787
137,529b,力,784
138,5f0f,式,777
139,5b66,学,775
140,591a,多,774
141,6b63,正,772
142,67fb,査,758
142,52a0,加,758
143,5143,元,757
144,5225,別,748
145,8981,要,746
146,6301,持,745
147,6e08,済,744
148,539f,原,742
149,6cd5,法,731
149,5316,化,731
150,9032,進,724
151,8a2d,設,714
152,53ef,可,713
153,653e,放,712
154,8b70,議,710
155,554f,問,708
156,4f5c,作,703
157,7537,男,700
158,4f1d,伝,699
159,7279,特,698
160,6d3b,活,697
161,904b,運,695
162,5224,判,691
162,5411,向,691
163,5c0f,小,687
164,5404,各,685
165,4ef6,件,681
166,52dd,勝,680
167,5ddd,川,679
168,533a,区,675
169,679c,果,674
170,904e,過,673
170,5f37,強,673
171,5236,制,671
171,6b21,次,671
172,7121,無,666
173,5bb6,家,662
174,70b9,点,659
175,8a08,計,656
176,5e9c,府,652
176,5148,先,652
177,5b89,安,651
178,653f,政,648
179,91cd,重,646
180,59cb,始,645
180,793a,示,645
180,691c,検,645
181,4e21,両,644
182,5bb3,害,643
183,4fdd,保,642
184,56e3,団,641
185,5e73,平,640
186,518d,再,638
187,7dcf,総,637
187,5bb9,容,637
188,7d44,組,635
189,9662,院,634
190,5354,協,632
191,5f97,得,624
192,4f4d,位,622
193,984c,題,618
193,7d42,終,618
194,6a29,権,617
195,53bb,去,616
196,8fbc,込,615
197,4e16,世,611
198,72b6,状,609
199,5f15,引,606
199,5229,利,606
200,5357,南,603
201,53cd,反,598
202,89e3,解,596
203,8a00,言,594
203,7f6e,置,594
204,4ed6,他,593
205,53f0,台,589
206,5973,女,586
207,5fc3,心,585
208,65ad,断,580
209,76f4,直,578
209,534a,半,578
209,5c40,局,578
210,55b6,営,575
211,544a,告,573
212,4ea1,亡,571
213,8a9e,語,567
214,7591,疑,566
215,512a,優,565
215,5dde,州,565
216,96fb,電,561
217,5186,円,560
218,754c,界,559
218,7269,物,559
218,5e81,庁,559
219,4fc2,係,557
220,8ff0,述,550
220,4f7f,使,550
221,548c,和,548
222,6295,投,547
223,4ea4,交,545
223,542b,含,545
224,4efb,任,544
225,8d77,起,540
226,7b49,等,538
227,652f,支,537
228,8a66,試,535
229,5e83,広,534
229,4e09,三,534
230,9762,面,530
231,8eab,身,526
232,8c61,象,524
233,7c73,米,520
234,8ee2,転,515
235,6709,有,511
236,4f4f,住,509
237,753b,画,504
238,69d8,様,503
238,96c6,集,503
239,795e,神,501
239,5fdc,応,501
239,756a,番,501
240,66f4,更,500
241,962a,阪,498
242,50ac,催,495
243,5bdf,察,493
244,8eca,車,490
244,9054,達,490
245,6319,挙,489
245,8aac,説,489
246,6cbb,治,488
246,53f7,号,488
247,53c2,参,486
248,7403,球,483
249,5e38,常,480
250,9996,首,475
251,5f71,影,474
251,9000,退,474
252,7531,由,472
252,59d4,委,472
253,65bd,施,470
254,7dda,線,469
255,6025,急,468
256,7701,省,466
256,5c11,少,466
257,520a,刊,465
258,8ca0,負,463
259,63d0,提,458
260,5207,切,450
261,57fa,基,447
261,4e57,乗,447
262,6587,文,445
263,9332,録,444
264,5ca1,岡,440
264,97ff,響,440
265,5bae,宮,438
266,6ce8,注,437
267,798f,福,436
267,5909,変,436
268,6c42,求,434
269,614b,態,432
269,5d0e,崎,432
270,5f79,役,431
271,6b8b,残,429
272,6c34,水,428
272,8996,視,428
273,6821,校,425
274,8077,職,421
275,6539,改,418
276,66f8,書,416
277,53e3,口,415
278,8003,考,413
279,63a5,接,412
279,75c5,病,412
280,7d71,統,410
281,54c1,品,409
282,964d,降,407
283,88ab,被,401
284,6559,教,399
285,9678,陸,398
286,8def,路,396
286,5074,側,396
287,6355,捕,395
288,898f,規,394
288,6d41,流,394
288,7740,着,394
289,5ff5,念,388
289,57df,域,388
289,6751,村,388
290,96e3,難,386
291,601d,思,385
292,89b3,観,381
293,98a8,風,380
294,9632,防,379
295,4e0e,与,377
296,7a7a,空,376
297,7ba1,管,374
298,5ba2,客,373
299,753a,町,372
299,6728,木,372
300,706b,火,371
300,5343,千,371
301,6545,故,369
301,9055,違,369
302,4f9b,供,366
302,9803,頃,366
303,8cc7,資,365
303,6a21,模,365
304,902e,逮,363
305,53ce,収,360
305,50b7,傷,360
305,7af6,競,360
306,901f,速,359
306,6599,料,359
307,8ffd,追,358
308,5150,児,357
309,53f2,史,352
310,7248,版,350
311,58eb,士,349
312,505c,停,347
312,6d88,消,347
313,5b85,宅,346
314,79fb,移,344
314,76e3,監,344
314,4e8c,二,344
315,53ca,及,343
316,56e0,因,342
316,85e4,藤,342
316,683c,格,342
317,52e2,勢,341
317,5b98,官,341
318,6253,打,340
319,7a0b,程,339
319,843d,落,339
319,592a,太,339
320,51e6,処,338
321,6e96,準,337
321,635c,捜,337
322,5c5e,属,336
323,5de5,工,335
323,5f62,形,335
324,8d70,走,333
324,914d,配,333
324,672a,未,333
325,5fa9,復,332
326,611f,感,331
326,5fc5,必,331
326,4e95,井,331
327,88dc,補,330
327,592e,央,330
327,5099,備,330
328,6483,撃,329
329,9650,限,328
330,547c,呼,326
330,7f72,署,326
331,5929,天,325
331,5897,増,325
332,5104,億,323
333,58f0,声,322
334,9664,除,321
335,5468,周,319
336,591c,夜,318
337,7b56,策,317
338,5931,失,316
339,6a2a,横,315
339,4f8b,例,315
339,62c5,担,315
340,982d,頭,314
341,8a34,訴,313
341,6e21,渡,313
342,82f1,英,310
343,6280,技,308
343,8ecd,軍,308
344,8acb,請,306
345,89aa,親,305
345,4e86,了,305
346,88c1,裁,303
346,5c4b,屋,303
346,65e9,早,303
346,69cb,構,303
346,8846,衆,303
347,7fa9,義,302
348,5c0e,導,301
349,547d,命,300
350,8cde,賞,299
351,8a0e,討,296
351,96e2,離,296
352,6f14,演,295
352,5efa,建,295
353,90ce,郎,294
353,99ac,馬,294
354,672b,末,290
355,571f,土,289
356,77f3,石,288
356,7834,破,288
356,4e5d,九,288
357,5e30,帰,287
357,6d3e,派,287
357,8fd4,返,287
358,5019,候,286
358,5e2d,席,286
359,6bba,殺,285
359,9244,鉄,285
359,7533,申,285
359,5e2f,帯,285
360,88fd,製,284
361,7372,獲,282
362,515a,党,281
362,8449,葉,281
362,9818,領,281
363,8b77,護,280
364,5e97,店,274
365,7d99,継,273
365,7387,率,273
366,6b66,武,272
367,8d85,超,271
367,975e,非,271
368,8db3,足,269
369,677e,松,267
369,6cc1,況,267
370,6238,戸,266
370,91dd,針,266
371,8a03,訃,265
371,63f4,援,265
372,771f,真,264
372,7b97,算,264
373,907a,遺,263
373,5dee,差,263
373,6e1b,減,263
374,6d0b,洋,261
375,99c5,駅,259
375,5f35,張,259
376,70ba,為,258
376,7968,票,258
376,8ad6,論,258
376,578b,型,258
377,5217,列,257
377,8c37,谷,257
377,76df,盟,257
378,5e79,幹,256
378,6848,案,256
378,7a81,突,256
379,60f3,想,255
379,4f4e,低,255
380,53e4,古,254
381,9580,門,252
381,6557,敗,252
382,91cf,量,249
382,4e89,争,249
383,79cb,秋,247
383,65cf,族,247
384,6e2c,測,246
384,98df,食,246
385,6df1,深,245
385,5546,商,245
385,5272,割,245
386,9020,造,243
387,5426,否,242
387,8a3c,証,242
387,697d,楽,242
387,4fa1,価,242
388,592b,夫,241
389,5c55,展,240
390,5712,園,239
391,6750,材,238
391,8f09,載,238
391,826f,良,238
392,8853,術,236
392,5b8c,完,236
393,9e7f,鹿,235
394,984d,額,234
394,968e,階,234
395,671b,望,233
395,7f6a,罪,233
395,5e55,幕,233
396,6e2f,港,232
397,6458,摘,231
398,5ba4,室,230
398,5c31,就,230
398,7763,督,230
399,72af,犯,229
399,6bd4,比,229
399,53f8,司,229
399,590f,夏,229
399,767b,登,229
399,5948,奈,229
399,80b2,育,229
399,9031,週,229
400,6e80,満,228
400,8cbb,費,228
400,9928,館,228
400,72ec,独,228
400,707d,災,228
401,5065,健,227
402,8cea,質,226
403,7d19,紙,225
403,5012,倒,225
403,6620,映,225
403,8fba,辺,225
404,6628,昨,224
405,6761,条,223
405,5ef6,延,223
406,5f85,待,222
406,632f,振,222
407,5be9,審,221
407,4ecb,介,221
407,822a,航,221
407,63a8,推,221
407,60aa,悪,221
408,611b,愛,220
408,6c96,沖,220
409,5b58,存,219
410,7570,異,218
411,88c5,装,217
411,4f11,休,217
412,7a76,究,215
413,8a33,訳,214
413,5149,光,214
414,7a2e,種,213
415,4f01,企,212
415,5f93,従,212
416,7f8e,美,211
416,738b,王,211
417,8e8d,躍,209
417,6bb5,段,209
417,9a13,験,209
418,6ce2,波,208
418,8ac7,談,208
418,682a,株,208
419,6d5c,浜,207
419,899a,覚,207
419,66b4,暴,207
419,5727,圧,207
420,8ab2,課,206
421,8ca9,販,205
421,8d8a,越,205
422,5175,兵,204
422,7814,研,204
422,4fee,修,204
423,7136,然,202
423,8a2a,訪,202
423,8b1d,謝,202
423,6a4b,橋,202
423,52a9,助,202
424,5341,十,201
425,7cfb,系,200
425,500b,個,200
425,4f34,伴,200
425,767d,白,200
426,79d1,科,198
426,4f55,何,198
426,6ca2,沢,198
426,5c02,専,198
427,8a55,評,197
428,50cd,働,195
429,7e3e,績,193
430,79f0,称,192
431,7981,禁,190
431,8ca1,財,190
431,731b,猛,190
432,4f50,佐,189
432,56f3,図,189
432,63b2,掲,189
433,4e26,並,188
433,71b1,熱,188
434,5eab,庫,187
435,6839,根,186
435,969c,障,186
436,9752,青,185
436,907f,避,185
437,5883,境,184
437,6b74,歴,184
437,8074,聴,184
437,8907,複,184
438,8cac,責,183
438,81f4,致,183
438,4e45,久,183
439,5e2b,師,182
439,8a31,許,182
439,7d61,絡,182
439,6625,春,182
440,6cb3,河,181
440,640d,損,181
440,6d25,津,181
441,8f9e,辞,180
441,6574,整,180
441,8b58,識,180
441,63a1,採,180
442,643a,携,179
442,98db,飛,179
443,629c,抜,178
443,7dca,緊,178
443,5b88,守,178
444,5668,器,177
444,8af8,諸,177
444,968a,隊,177
445,9045,遅,176
445,535a,博,176
445,65e7,旧,176
446,5915,夕,175
446,5bc4,寄,175
446,7389,玉,175
447,52b4,労,174
447,79c1,私,174
447,6fc0,激,174
447,8efd,軽,174
448,57ce,城,173
448,62e0,拠,173
449,4ee4,令,172
449,4e94,五,172
449,985e,類,172
450,9069,適,171
450,7fcc,翌,171
450,91c8,釈,171
450,5ba3,宣,171
451,7de0,締,170
452,526f,副,169
453,6212,戒,168
454,7642,療,167
455,4ed5,仕,166
456,7559,留,165
456,9806,順,165
456,9805,項,165
456,627f,承,165
456,885b,衛,165
457,8fce,迎,164
457,66ff,替,164
457,52b9,効,164
458,9707,震,163
459,56db,四,162
459,5b57,字,162
460,5ea7,座,161
460,81e3,臣,161
461,5c4a,届,160
461,59ff,姿,160
462,6297,抗,159
462,7a4d,積,159
463,6551,救,158
463,5ca9,岩,158
464,53b3,厳,157
464,65e2,既,157
464,5371,危,157
464,533b,医,157
465,68ee,森,156
466,5951,契,153
466,96c4,雄,153
466,7e54,織,153
467,9759,静,152
467,9003,逃,152
467,74b0,環,152
467,5409,吉,152
467,96e8,雨,152
468,62e1,拡,151
468,7d22,索,151
469,8cb7,買,150
469,6388,授,150
469,6797,林,150
469,95a3,閣,150
469,9280,銀,150
469,70c8,烈,150
469,5bcc,富,150
469,661f,星,150
470,7d00,紀,149
470,52e4,勤,149
470,82e5,若,149
471,81e8,臨,148
471,9014,途,148
471,8208,興,148
471,97f3,音,148
471,6bcd,母,148
472,9589,閉,147
472,58ca,壊,147
472,822c,般,147
472,5177,具,147
472,8239,船,147
473,6a19,標,146
473,62bc,押,146
473,6e05,清,146
473,5024,値,146
473,4f0a,伊,146
473,7de8,編,146
473,60d1,惑,146
473,6b4c,歌,146
474,559c,喜,145
474,8f2a,輪,145
474,6c5f,江,145
474,5e78,幸,145
474,5230,到,145
474,5cb8,岸,145
475,5ec3,廃,144
475,8987,覇,144
475,75c7,症,144
475,8d64,赤,144
476,7c4d,籍,143
477,7e70,繰,142
477,6607,昇,142
478,539a,厚,141
478,623b,戻,141
479,5e45,幅,140
480,5b63,季,139
480,57fc,埼,139
480,5473,味,139
481,56f2,囲,138
481,653b,攻,138
482,6255,払,137
482,5de1,巡,137
482,6df7,混,137
482,7def,緯,137
482,8f38,輸,137
482,597d,好,137
483,5247,則,136
483,6050,恐,136
483,5fd7,志,136
483,5275,創,136
484,5f01,弁,135
484,79d2,秒,135
485,7236,父,134
485,4fbf,便,134
485,5d29,崩,134
485,500d,倍,134
486,89e6,触,133
486,63db,換,133
487,7d1a,級,132
487,8131,脱,132
487,4e71,乱,132
487,639b,掛,132
487,7532,甲,132
488,79c0,秀,131
488,529f,功,131
488,7d76,絶,131
489,8cc0,賀,130
489,7e04,縄,130
489,65c5,旅,130
489,65ec,旬,130
490,7b54,答,129
490,672d,札,129
490,5eb7,康,129
491,507d,偽,128
491,516b,八,128
491,6975,極,128
492,5c06,将,127
492,8ff7,迷,127
492,6279,批,127
493,7206,爆,126
493,64a4,撤,126
493,6d66,浦,126
493,967d,陽,126
494,6b69,歩,125
495,97d3,韓,124
496,82b8,芸,123
496,5c3e,尾,123
497,82b1,花,122
497,77ed,短,122
497,5358,単,122
497,6b20,欠,122
497,9999,香,122
497,983c,頼,122
498,82e6,苦,121
498,83ef,華,121
498,675f,束,121
498,8840,血,121
498,6b27,欧,121
498,6e7e,湾,121
499,5238,券,120
499,9ed2,黒,120
499,677f,板,120
499,642c,搬,120
500,5f66,彦,119
500,68c4,棄,119
500,6563,散,119
500,90a6,邦,119
500,4f59,余,119
501,767e,百,118
502,596a,奪,117
502,5f92,徒,117
502,670d,服,117
502,6e29,温,117
502,7ffb,翻,117
503,7fd2,習,116
503,967a,険,116
503,9063,遣,116
503,5de6,左,116
504,821e,舞,115
504,6211,我,115
504,7d30,細,115
505,523b,刻,114
505,57f7,執,114
505,5de8,巨,114
506,6cc9,泉,113
506,5584,善,113
507,56f0,困,112
507,61b2,憲,112
507,8a73,詳,112
507,676f,杯,112
507,5b87,宇,112
507,67d3,染,112
507,59bb,妻,112
507,5dfb,巻,112
507,53f3,右,112
508,81f3,至,111
508,9769,革,111
509,5c45,居,110
509,5bbf,宿,110
509,76db,盛,110
510,5352,卒,109
510,9ce5,鳥,109
510,6a39,樹,109
510,89a7,覧,109
510,5f3e,弾,109
510,61f8,懸,109
511,606f,息,108
511,8e0f,踏,108
511,8fb2,農,108
511,7d66,給,108
511,6cbf,沿,108
512,5fb3,徳,107
512,4f75,併,107
513,4fb5,侵,106
513,6271,扱,106
513,9006,逆,106
514,56fa,固,105
514,98f2,飲,105
514,7df4,練,105
514,885d,衝,105
515,8cfc,購,104
515,80cc,背,104
516,5e03,布,103
516,666e,普,103
516,616e,慮,103
516,52df,募,103
516,5199,写,103
516,8de1,跡,103
517,5211,刑,102
517,7bc4,範,102
517,6298,折,102
517,6c60,池,102
517,666f,景,102
518,990a,養,101
518,91cc,里,101
518,878d,融,101
518,8cdb,賛,101
518,8feb,迫,101
519,50cf,像,100
519,7d39,紹,100
519,95d8,闘,100
519,4f38,伸,100
519,9858,願,100
519,8aa4,誤,100
520,7d20,素,99
520,53cb,友,99
521,5e0c,希,98
521,7802,砂,98
521,5360,占,98
522,5f31,弱,97
522,9663,陣,97
522,62db,招,97
523,6e09,渉,96
523,76e4,盤,96
524,7cbe,精,95
524,8857,街,95
524,524a,削,95
524,8c4a,豊,95
524,4e5f,也,95
524,8a95,誕,95
524,5370,印,95
524,52aa,努,95
525,7dad,維,94
525,713c,焼,94
526,5374,却,93
526,7aef,端,93
526,8a72,該,93
527,5feb,快,92
527,614e,慎,92
527,6291,抑,92
527,5fb9,徹,92
528,88cf,裏,91
528,5bc6,密,91
528,718a,熊,91
528,76ca,益,91
528,702c,瀬,91
528,8457,著,91
528,85ac,薬,91
528,9084,還,91
528,66dc,曜,91
529,9686,隆,90
529,6790,析,90
529,60a3,患,90
529,9060,遠,90
529,5e95,底,90
530,80ba,肺,89
530,5e4c,幌,89
530,8272,色,89
530,96d1,雑,89
531,4e38,丸,88
531,9854,顔,88
532,9f62,齢,87
532,4e4b,之,87
532,7e2e,縮,87
532,9ebb,麻,87
532,6ede,滞,87
532,5373,即,87
533,708e,炎,86
533,62d2,拒,86
533,7fbd,羽,86
533,5009,倉,86
533,5841,塁,86
533,7686,皆,86
534,5145,充,85
535,511f,償,84
535,5742,坂,84
535,9152,酒,84
535,732e,献,84
535,99c6,駆,84
536,71c3,燃,83
536,5c04,射,83
536,96a3,隣,83
537,96c7,雇,82
537,9396,鎖,82
538,5287,劇,81
538,7fa4,群,81
538,8b72,譲,81
538,7bc9,築,81
538,7ae0,章,81
538,5bfa,寺,81
538,662d,昭,81
539,8a70,詰,80
539,9a0e,騎,80
539,5fa1,御,80
540,9aa8,骨,79
540,8a98,誘,79
540,64cd,操,79
540,4f9d,依,79
540,5747,均,79
541,6f5f,潟,78
541,820e,舎,78
541,62b1,抱,78
541,623f,房,78
541,6b53,歓,78
541,99d0,駐,78
541,8972,襲,78
541,5f18,弘,78
542,514d,免,77
542,62d8,拘,77
542,9042,遂,77
542,795d,祝,77
542,72d9,狙,77
542,50da,僚,77
542,7a32,稲,77
542,8a8c,誌,77
542,7565,略,77
543,629e,択,76
543,8133,脳,76
544,63a7,控,75
544,7d14,純,75
544,7267,牧,75
544,8a3a,診,75
544,8a89,誉,75
544,6c38,永,75
544,4fca,俊,75
544,585a,塚,75
544,72a0,犠,75
544,76d7,盗,75
544,570f,圏,75
545,5a5a,婚,74
545,8001,老,74
545,66f2,曲,74
545,7687,皇,74
545,9283,銃,74
545,61f2,懲,74
546,9bae,鮮,73
546,8535,蔵,73
546,8c6a,豪,73
546,63aa,措,73
546,5b99,宙,73
546,5c64,層,73
546,65bc,於,73
547,4ff3,俳,72
547,63ee,揮,72
547,6075,恵,72
547,5438,吸,72
547,7272,牲,72
547,6d69,浩,72
547,7b4b,筋,72
548,8217,舗,71
548,65e8,旨,71
548,6589,斉,71
548,5f8b,律,71
549,7b87,箇,70
549,7d0d,納,70
549,52e7,勧,70
549,68df,棟,70
549,4eee,仮,70
549,6885,梅,70
549,8349,草,70
549,95b2,閲,70
549,63a2,探,70
549,679a,枚,70
549,6577,敷,70
549,51a0,冠,70
549,5f70,彰,70
550,4ef2,仲,69
550,7af9,竹,69
550,5100,儀,69
551,8b1b,講,68
551,8089,肉,68
551,8328,茨,68
551,4ed9,仙,68
551,5802,堂,68
552,64ae,撮,67
552,63e1,握,67
552,6804,栄,67
552,7a0e,税,67
553,5264,剤,66
553,7bc0,節,66
553,90f5,郵,66
553,6cb9,油,66
554,9a12,騒,65
554,64b2,撲,65
554,53cc,双,65
554,7167,照,65
554,8aa0,誠,65
554,5439,吹,65
554,8a6b,詫,65
554,5f7c,彼,65
554,8d08,贈,65
554,667a,智,65
555,75db,痛,64
555,67c4,柄,64
555,81d3,臓,64
555,65e6,旦,64
555,8302,茂,64
555,89d2,角,64
556,60b2,悲,63
556,8377,荷,63
556,796d,祭,63
556,88d5,裕,63
556,54f2,哲,63
556,4fc3,促,63
556,9234,鈴,63
557,7f70,罰,62
557,523a,刺,62
557,8a1f,訟,62
557,6bd2,毒,62
557,4f3c,似,62
557,6d6e,浮,62
557,4e92,互,62
557,8cb4,貴,62
558,8f1d,輝,61
558,6e0b,渋,61
558,9a5a,驚,61
558,65d7,旗,61
558,5fb4,徴,61
559,5ead,庭,60
559,57a3,垣,60
559,6311,挑,60
559,642d,搭,60
559,5a66,婦,60
559,96ea,雪,60
559,7ae5,童,60
560,50be,傾,59
560,63fa,揺,59
560,8a87,誇,59
560,51ac,冬,59
560,8ca8,貨,59
560,8056,聖,59
560,96a0,隠,59
560,8ddd,距,59
560,5bff,寿,59
560,3005,(人)々,59
561,6cf0,泰,58
561,602a,怪,58
561,50b5,債,58
561,68a8,梨,58
561,8986,覆,58
561,9f8d,龍,58
561,811a,脚,58
561,6b32,欲,58
562,7b46,筆,57
562,7dd2,緒,57
563,5506,唆,56
563,846c,葬,56
563,541b,君,56
563,59a8,妨,56
564,5e8a,床,55
564,757f,畿,55
564,9b41,魁,55
564,8ca2,貢,55
564,517c,兼,55
564,6674,晴,55
564,6ec5,滅,55
564,57cb,埋,55
565,6982,概,54
565,4ec1,仁,54
565,5146,兆,54
565,5305,包,54
565,6392,排,54
565,6ed1,滑,54
566,9732,露,53
566,6803,栃,53
566,6dfb,添,53
566,5bdd,寝,53
566,7a93,窓,53
566,5b9d,宝,53
567,7db2,網,52
567,865a,虚,52
567,6f0f,漏,52
567,77ac,瞬,52
567,5c90,岐,52
567,904a,遊,52
567,9cf4,鳴,52
567,99d2,駒,52
567,7159,煙,52
567,5c3d,尽,52
568,96c5,雅,51
568,6f2b,漫,51
568,51b7,冷,51
568,663c,昼,51
568,6e56,湖,51
568,6838,核,51
568,67a0,枠,51
568,4e01,丁,51
568,8b80,讀,51
568,8ce3,賣,51
568,85a6,薦,51
568,5800,堀,51
568,690d,植,51
569,90a3,那,50
569,7c9b,粛,50
569,888b,袋,50
569,5b8f,宏,50
569,6fc3,濃,50
569,9867,顧,50
569,8f03,較,50
569,5922,夢,50
569,7b20,笠,50
570,501f,借,49
570,5098,傘,49
570,9db4,鶴,49
570,66ae,暮,49
570,6613,易,49
570,5f1f,弟,49
570,8a17,託,49
570,5c01,封,49
571,6749,杉,48
571,525b,剛,48
571,96f2,雲,48
571,7247,片,48
571,7b11,笑,48
571,7adc,竜,48
571,6c5a,汚,48
571,9665,陥,48
571,5b97,宗,48
571,8105,脅,48
571,5f80,往,48
572,6fa4,澤,47
572,5965,奥,47
572,8107,脇,47
572,963f,阿,47
572,7a3f,稿,47
572,98fe,飾,47
572,4e98,亘,47
572,8352,荒,47
573,88c2,裂,46
573,6052,恒,46
573,589c,墜,46
573,654f,敏,46
573,514b,克,46
573,52c7,勇,46
573,58c1,壁,46
573,7e4b,繋,46
573,656c,敬,46
574,8ce0,賠,45
574,764c,癌,45
574,90e1,郡,45
574,6012,怒,45
574,8ab0,誰,45
575,9451,鑑,44
575,5144,兄,44
575,7e41,繁,44
575,8179,腹,44
575,6d99,涙,44
575,7bb1,箱,44
575,77e2,矢,44
575,6ca1,没,44
575,66ab,暫,44
576,660c,昌,43
576,8c46,豆,43
576,90b8,邸,43
576,55ab,喫,43
576,9178,酸,43
576,7832,砲,43
576,6ecb,滋,43
576,9811,頑,43
576,7e26,縦,43
576,906d,遭,43
576,8a13,訓,43
576,9285,銅,43
577,725b,牛,42
577,770b,看,42
577,6d45,浅,42
577,6176,慶,42
577,4ecf,仏,42
577,80f8,胸,42
577,7965,祥,42
577,6db2,液,42
577,628a,把,42
577,829d,芝,42
577,8863,衣,42
578,79d8,秘,41
578,961c,阜,41
578,7c21,簡,41
578,5a18,娘,41
578,5049,偉,41
578,5e7c,幼,41
578,6f01,漁,41
578,8cab,貫,41
578,4e73,乳,41
579,9808,須,40
579,6d74,浴,40
579,585e,塞,40
579,664b,晋,40
579,7c3f,簿,40
579,60dc,惜,40
579,90ca,郊,40
579,3005,(我)々,40
580,61be,憾,39
580,5df1,己,39
580,5531,唱,39
580,90f7,郷,39
580,685c,桜,39
580,4e9c,亜,39
580,552f,唯,39
580,4e80,亀,39
580,6cca,泊,39
581,63cf,描,38
581,83ca,菊,38
581,5b5d,孝,38
581,5d8b,嶋,38
581,679d,枝,38
581,8a02,訂,38
581,6bbf,殿,38
581,7409,琉,38
581,62ec,括,38
582,51cd,凍,37
582,6d78,浸,37
582,7de9,緩,37
582,8010,耐,37
582,6bdb,毛,37
582,5674,噴,37
582,516d,六,37
582,9ec4,黄,37
582,7950,祐,37
582,5a01,威,37
582,7d1b,紛,37
582,5c0a,尊,37
582,5acc,嫌,37
582,67b6,架,37
583,83c5,菅,36
583,6c88,沈,36
583,65ed,旭,36
583,6e6f,湯,36
583,62d3,拓,36
583,5203,刃,36
583,6717,朗,36
583,6697,暗,36
583,9802,頂,36
583,900f,透,36
583,5fe0,忠,36
583,5ef7,廷,36
584,901d,逝,35
584,8155,腕,35
584,9810,預,35
584,9670,陰,35
584,4e39,丹,35
584,7e01,縁,35
585,59c9,姉,34
585,64c1,擁,34
585,62b5,抵,34
585,8f14,輔,34
585,5cb3,岳,34
585,7261,牡,34
585,4e03,七,34
585,7126,焦,34
585,8da3,趣,34
585,8cb8,貸,34
585,7dd1,緑,34
585,7948,祈,34
585,793c,礼,34
585,67f3,柳,34
585,7d5e,絞,34
585,786c,硬,34
586,5bdb,寛,33
586,6696,暖,33
586,624d,才,33
586,5b6b,孫,33
586,6328,挨,33
586,62f6,拶,33
586,502b,倫,33
586,8cc3,賃,33
586,5a9b,媛,33
586,7949,祉,33
586,82b3,芳,33
586,8650,虐,33
587,6d6a,浪,32
587,98ef,飯,32
587,7db1,綱,32
587,6cbc,沼,32
587,6f6e,潮,32
587,6575,敵,32
587,60bc,悼,32
587,8ce2,賢,32
587,6cf3,泳,32
587,5bd2,寒,32
588,92ad,銭,31
588,83f1,菱,31
588,93ae,鎮,31
588,4f0f,伏,31
588,8aed,諭,31
588,543e,吾,31
588,4f73,佳,31
588,7d05,紅,31
588,6094,悔,31
588,9b54,魔,31
588,98fc,飼,31
589,6897,梗,30
589,6b8a,殊,30
589,53a9,厩,30
589,5f81,征,30
589,3005,(様)々,30
589,790e,礎,30
589,67f1,柱,30
589,659c,斜,30
589,6398,掘,30
590,52f2,勲,29
590,598a,妊,29
590,8336,茶,29
590,82eb,苫,29
590,5e1d,帝,29
590,5237,刷,29
590,8ecc,軌,29
590,5448,呈,29
590,8a50,詐,29
590,572d,圭,29
590,9b3c,鬼,29
590,75be,疾,29
590,8b00,謀,29
590,9298,銘,29
591,67cf,柏,28
591,6817,栗,28
591,51fd,函,28
591,4e08,丈,28
591,5e8f,序,28
591,6bb4,殴,28
591,9ce9,鳩,28
591,6b3a,欺,28
591,62cd,拍,28
591,963b,阻,28
591,7b26,符,28
591,55aa,喪,28
591,6b6f,歯,28
591,70ad,炭,28
592,59b9,妹,27
592,76ae,皮,27
592,7336,猶,27
592,8178,腸,27
592,7434,琴,27
592,7956,祖,27
592,6c37,氷,27
592,5fd8,忘,27
592,6df3,淳,27
592,52b1,励,27
592,658e,斎,27
592,5609,嘉,27
592,6f22,漢,27
592,50d5,僕,27
592,9673,陳,27
592,5200,刀,27
592,5ce1,峡,27
592,8266,艦,27
592,508d,傍,27
593,9ed9,黙,26
593,54c9,哉,26
593,9d8f,鶏,26
593,816b,腫,26
593,809d,肝,26
593,7ffc,翼,26
593,7d2f,累,26
593,9756,靖,26
593,5b09,嬉,26
594,7d0b,紋,25
594,5fae,微,25
594,9b5a,魚,25
594,9700,需,25
594,72ac,犬,25
594,62bd,抽,25
594,5256,剖,25
594,6368,捨,25
594,594f,奏,25
594,5f69,彩,25
594,7c89,粉,25
594,5f84,径,25
594,5968,奨,25
594,706f,灯,25
594,7a74,穴,25
594,5e72,干,25
595,78d0,磐,24
595,8870,衰,24
595,65cb,旋,24
595,60e8,惨,24
595,8c9e,貞,24
595,6691,暑,24
595,75ab,疫,24
595,866b,虫,24
595,8f44,轄,24
595,9694,隔,24
595,5944,奄,24
595,5869,塩,24
595,6383,掃,24
595,4ef0,仰,24
595,9192,醒,24
595,61a4,憤,24
595,5805,堅,24
595,63da,揚,24
595,9a30,騰,24
595,5d50,嵐,24
595,4eae,亮,24
596,80c3,胃,23
596,662f,是,23
596,8a93,誓,23
596,6d44,浄,23
596,3005,(佐)々,23
596,6170,慰,23
596,7551,畑,23
596,6f5c,潜,23
596,5e33,帳,23
596,7d75,絵,23
596,8061,聡,23
596,59eb,姫,23
596,62f3,拳,23
596,673d,朽,23
596,9855,顕,23
596,5f90,徐,23
597,5265,剥,22
597,7d2b,紫,22
597,5c3f,尿,22
597,5a20,娠,22
597,8170,腰,22
597,587e,塾,22
597,3005,(次)々,22
597,916c,酬,22
597,62d0,拐,22
597,5553,啓,22
597,96f7,雷,22
597,6ce3,泣,22
597,6edd,滝,22
597,60a9,悩,22
597,8584,薄,22
597,62ab,披,22
597,62c9,拉,22
597,5442,呂,22
597,638c,掌,22
598,7518,甘,21
598,7cf8,糸,21
598,814e,腎,21
598,5c1a,尚,21
598,970a,霊,21
598,5e84,庄,21
598,51f6,凶,21
598,907d,遽,21
598,8a69,詩,21
598,4e18,丘,21
598,61b6,憶,21
598,6d17,洗,21
598,5cf0,峰,21
598,6d2a,洪,21
598,7be4,篤,21
598,906e,遮,21
598,5857,塗,21
599,8a5e,詞,20
599,7384,玄,20
599,68b0,械,20
599,5f25,弥,20
599,609f,悟,20
599,54b2,咲,20
599,6163,慣,20
599,5353,卓,20
599,5999,妙,20
599,6b96,殖,20
599,8afe,諾,20
599,51c6,准,20
599,6442,摂,20
599,5410,吐,20
599,80a9,肩,20
599,6469,摩,20
599,7a42,穂,20
599,91dc,釜,20
599,62dd,拝,20
599,66fd,曽,20
600,9d6c,鵬,19
600,5947,奇,19
600,9177,酷,19
600,4e7e,乾,19
600,636e,据,19
600,7720,眠,19
600,6bc5,毅,19
600,5192,冒,19
600,7b51,筑,19
600,9047,遇,19
600,52d8,勘,19
600,4fd7,俗,19
600,8015,耕,19
600,7dbb,綻,19
600,631f,挟,19
600,78e8,磨,19
600,8ed2,軒,19
600,99ff,駿,19
601,80a2,肢,18
601,7a92,窒,18
601,7070,灰,18
601,75b2,疲,18
601,819c,膜,18
601,7f36,缶,18
601,7a83,窃,18
601,7a4f,穏,18
601,93e1,鏡,18
601,674e,李,18
601,6562,敢,18
601,75d5,痕,18
601,7be0,篠,18
601,63c3,揃,18
601,968f,随,18
601,81a8,膨,18
601,3005,(方)々,18
601,8607,蘇,18
601,6069,恩,18
601,604b,恋,18
601,5c48,屈,18
601,51f1,凱,18
602,84c4,蓄,17
602,6e7f,湿,17
602,8b39,謹,17
602,5854,塔,17
602,83d3,菓,17
602,52c9,勉,17
602,8033,耳,17
602,53eb,叫,17
602,6842,桂,17
602,533f,匿,17
602,9154,酔,17
602,6162,慢,17
602,8fb0,辰,17
602,806f,聯,17
602,9699,隙,17
602,4f2f,伯,17
602,72ed,狭,17
602,67d4,柔,17
602,8ced,賭,17
602,6daf,涯,17
603,6020,怠,16
603,6b04,欄,16
603,7a3c,稼,16
603,5320,匠,16
603,96bb,隻,16
603,938c,鎌,16
603,6643,晃,16
603,9375,鍵,16
603,6f02,漂,16
603,8fb1,辱,16
603,8b19,謙,16
603,68da,棚,16
603,6df5,淵,16
603,8429,萩,16
603,73cd,珍,16
603,983b,頻,16
603,8fbb,辻,16
603,96f0,雰,16
603,6f84,澄,16
603,8f9b,辛,16
603,6e9d,溝,16
603,8cc4,賄,16
603,8df3,跳,16
604,6de1,淡,15
604,8108,脈,15
604,4eab,享,15
604,7a14,稔,15
604,5378,卸,15
604,9df2,鷲,15
604,68d2,棒,15
604,4ff8,俸,15
604,4f46,但,15
604,9326,錦,15
604,61d0,懐,15
604,85ab,薫,15
604,4ffa,俺,15
604,5449,呉,15
604,5e61,幡,15
604,8236,舶,15
604,5824,堤,15
604,5d07,崇,15
604,5339,匹,15
604,6669,晩,15
604,4f3a,伺,15
604,53e9,叩,15
604,6f54,潔,15
604,51a5,冥,15
604,786b,硫,15
604,7b52,筒,15
604,606d,恭,15
604,8ca7,貧,15
604,570b,國,15
605,6f64,潤,14
605,8c5a,豚,14
605,9b45,魅,14
605,8caf,貯,14
605,646f,摯,14
605,6eb6,溶,14
605,9644,附,14
605,5c3c,尼,14
605,6676,晶,14
605,540a,吊,14
605,74f6,瓶,14
605,8f29,輩,14
605,8cbc,貼,14
605,8aee,諮,14
605,4ead,亭,14
605,6cb8,沸,14
605,596e,奮,14
605,52a3,劣,14
605,5c3b,尻,14
605,5618,嘘,14
605,82d1,苑,14
605,5df3,巳,14
605,6e58,湘,14
605,751a,甚,14
605,6148,慈,14
605,8ef8,軸,14
605,9727,霧,14
605,7058,灘,14
605,5de3,巣,14
605,3005,(徐)々,14
605,4f51,佑,14
606,60a0,悠,13
606,574a,坊,13
606,634f,捏,13
606,9418,鐘,13
606,8e0a,踊,13
606,9675,陵,13
606,6ce5,泥,13
606,725d,牝,13
606,50c5,僅,13
606,3005,(日)々,13
606,504f,偏,13
606,9e97,麗,13
606,6016,怖,13
606,732b,猫,13
606,73ed,班,13
606,5982,如,13
606,9df9,鷹,13
606,773c,眼,13
606,7977,祷,13
606,88f8,裸,13
606,6068,恨,13
606,8358,荘,13
606,7dbf,綿,13
606,9271,鉱,13
606,6182,憂,13
606,5b64,孤,13
606,72c2,狂,13
606,727d,牽,13
606,5893,墓,13
606,5c65,履,13
607,80de,胞,12
607,760d,瘍,12
607,84b2,蒲,12
607,5d16,崖,12
607,6d32,洲,12
607,53c8,又,12
607,6881,梁,12
607,6b86,殆,12
607,6850,桐,12
607,5510,唐,12
607,6d1e,洞,12
607,80f4,胴,12
607,7560,畠,12
607,57f9,培,12
607,5263,剣,12
607,8e2a,踪,12
607,7b1b,笛,12
607,3005,(元)々,12
607,3005,(代)々,12
607,5c0b,尋,12
607,3005,(続)々,12
607,8218,舘,12
607,9038,逸,12
607,6734,朴,12
607,80ce,胎,12
607,6367,捧,12
607,8cd1,賑,12
607,86c7,蛇,12
607,7422,琢,12
607,5076,偶,12
607,59a5,妥,12
607,5bf8,寸,12
607,965b,陛,12
608,7dac,綬,11
608,8912,褒,11
608,7a1a,稚,11
608,91e7,釧,11
608,9f3b,鼻,11
608,821b,舛,11
608,53ec,召,11
608,5bb0,宰,11
608,7761,睡,11
608,78ef,磯,11
608,9aea,髪,11
608,83cc,菌,11
608,5e3d,帽,11
608,719f,熟,11
608,559a,喚,11
608,518a,冊,11
608,5270,剰,11
608,5b9c,宜,11
608,3005,(数)々,11
608,732a,猪,11
608,67f4,柴,11
608,8b0e,謎,11
608,5bc2,寂,11
608,74e6,瓦,11
608,84b8,蒸,11
608,7dbe,綾,11
608,7f85,羅,11
608,5cac,岬,11
608,5f6c,彬,11
608,5a92,媒,11
608,8edf,軟,11
608,6566,敦,11
608,7815,砕,11
608,62fe,拾,11
609,5b9b,宛,10
609,83dc,菜,10
609,559d,喝,10
609,6e15,渕,10
609,5208,刈,10
609,5dbd,嶽,10
609,4ff5,俵,10
609,7c98,粘,10
609,8fed,迭,10
609,6905,椅,10
609,53e5,句,10
609,95a5,閥,10
609,8c9d,貝,10
609,7fd4,翔,10
609,7cd6,糖,10
609,81ed,臭,10
609,5375,卵,10
609,6590,斐,10
609,9a19,騙,10
609,6816,栖,10
609,675c,杜,10
609,54c0,哀,10
609,6249,扉,10
609,64ad,播,10
609,5f0a,弊,10
609,6ce1,泡,10
609,58a8,墨,10
609,9ea6,麦,10
609,6851,桑,10
609,58cc,壌,10
609,7b39,笹,10
609,6962,楢,10
609,7c92,粒,10
609,6597,斗,10
609,8150,腐,10
609,82a6,芦,10
609,7f79,罹,10
609,6d59,浙,10
610,5606,嘆,9
610,76bf,皿,9
610,59fb,姻,9
610,3005,(準)々,9
610,5949,奉,9
610,6065,恥,9
610,852d,蔭,9
610,6614,昔,9
610,6f58,潘,9
610,66a6,暦,9
610,7652,癒,9
610,8247,艇,9
610,934b,鍋,9
610,9903,餃,9
610,9435,鐵,9
610,91b8,醸,9
610,5dba,嶺,9
610,66c7,曇,9
610,56da,囚,9
610,6feb,濫,9
610,53f6,叶,9
610,71e5,燥,9
610,5782,垂,9
610,8cbf,貿,9
610,73e0,珠,9
610,58c7,壇,9
610,6247,扇,9
610,92ed,鋭,9
610,7ce7,糧,9
610,5e7b,幻,9
610,5f14,弔,9
610,978d,鞍,9
610,67f5,柵,9
610,6c99,沙,9
610,540e,后,9
610,84cb,蓋,9
611,6a0b,樋,8
611,96bc,隼,8
611,8102,脂,8
611,798e,禎,8
611,8896,袖,8
611,4e43,乃,8
611,5eca,廊,8
611,80a5,肥,8
611,99c4,駄,8
611,5f6b,彫,8
611,76fe,盾,8
611,61c7,懇,8
611,683d,栽,8
611,9774,靴,8
611,75f4,痴,8
611,58ee,壮,8
611,82bd,芽,8
611,6349,捉,8
611,771e,眞,8
611,4ea8,亨,8
611,95c7,闇,8
611,7363,獣,8
611,717d,煽,8
611,5fcd,忍,8
611,7e1b,縛,8
611,5614,嘔,8
611,75e2,痢,8
611,755c,畜,8
611,7ac4,竄,8
611,9075,遵,8
611,9813,頓,8
611,80c6,胆,8
611,4f86,來,8
611,68cb,棋,8
611,862d,蘭,8
611,91e3,釣,8
611,60e7,惧,8
611,9e93,麓,8
611,5f13,弓,8
611,92fc,鋼,8
611,51e1,凡,8
611,8b83,讃,8
611,9320,錠,8
611,63b4,掴,8
611,7d46,絆,8
611,583a,堺,8
611,821f,舟,8
611,6d29,洩,8
611,6f20,漠,8
611,8e44,蹄,8
611,7f77,罷,8
611,4fe3,俣,8
611,758e,疎,8
611,79e9,秩,8
611,66f3,曳,8
611,6e26,渦,8
612,5642,噂,7
612,6795,枕,7
612,9685,隅,7
612,8b21,謡,7
612,99a8,馨,7
612,7d18,紘,7
612,5072,偲,7
612,7a3d,稽,7
612,64e6,擦,7
612,845b,葛,7
612,9d5c,鵜,7
612,53ea,只,7
612,62b9,抹,7
612,77db,矛,7
612,8499,蒙,7
612,820c,舌,7
612,6666,晦,7
612,8861,衡,7
612,576a,坪,7
612,5e7e,幾,7
612,907c,遼,7
612,66f9,曹,7
612,6155,慕,7
612,7e4a,繊,7
612,8106,脆,7
612,8058,聘,7
612,5036,倶,7
612,920d,鈍,7
612,5e63,幣,7
612,51dd,凝,7
612,66dd,曝,7
612,7a6b,穫,7
612,6c3e,氾,7
612,59d3,姓,7
612,81fc,臼,7
612,8cb0,貰,7
612,6e4a,湊,7
612,7d17,紗,7
612,5bee,寮,7
612,54bd,咽,7
612,5f57,彗,7
612,674f,杏,7
612,632b,挫,7
612,865e,虞,7
612,5c6f,屯,7
612,75fa,痺,7
612,51a8,冨,7
612,6c7d,汽,7
612,8fc5,迅,7
612,5983,妃,7
612,79bd,禽,7
613,7624,瘤,6
613,817a,腺,6
613,8513,蔓,6
613,90ed,郭,6
613,8e74,蹴,6
613,8b33,謳,6
613,733f,猿,6
613,5fd9,忙,6
613,6dd1,淑,6
613,5efb,廻,6
613,90aa,邪,6
613,7d33,紳,6
613,8ae6,諦,6
613,3005,(個)々,6
613,9ab8,骸,6
613,5d14,崔,6
613,673a,机,6
613,8cca,賊,6
613,5c09,尉,6
613,54e8,哨,6
613,8a63,詣,6
613,53f1,叱,6
613,59e6,姦,6
613,5bb4,宴,6
613,6606,昆,6
613,5974,奴,6
613,837b,荻,6
613,971e,霞,6
613,9e92,麒,6
613,9e9f,麟,6
613,6492,撒,6
613,7cfe,糾,6
613,6bbb,殻,6
613,5398,厘,6
613,5fcc,忌,6
613,5f26,弦,6
613,670b,朋,6
613,725f,牟,6
613,5bb5,宵,6
613,7891,碑,6
613,819a,膚,6
613,8cc2,賂,6
613,7690,皐,6
613,4f8d,侍,6
613,9d28,鴨,6
613,6beb,毫,6
613,808c,肌,6
613,4e4f,乏,6
613,853d,蔽,6
613,7c60,籠,6
613,67a2,枢,6
613,7345,獅,6
613,9b42,魂,6
613,6dc0,淀,6
613,8df5,践,6
613,9ac4,髄,6
613,7940,祀,6
613,5091,傑,6
613,84ee,蓮,6
613,7a00,稀,6
613,7d93,經,6
613,60a6,悦,6
613,868a,蚊,6
613,6867,桧,6
614,96f6,零,5
614,622f,戯,5
614,69fb,槻,5
614,582a,堪,5
614,67af,枯,5
614,3005,(前)々,5
614,6ff1,濱,5
614,53d9,叙,5
614,5631,嘱,5
614,5075,偵,5
614,7460,瑠,5
614,4e3c,丼,5
614,7ca7,粧,5
614,5351,卑,5
614,690e,椎,5
614,3005,(早)々,5
614,637b,捻,5
614,6241,扁,5
614,68b6,梶,5
614,7ae3,竣,5
614,77b3,瞳,5
614,6d9b,涛,5
614,8acf,諏,5
614,52fe,勾,5
614,50e7,僧,5
614,4fb6,侶,5
614,6a58,橘,5
614,61c9,應,5
614,7e55,繕,5
614,6b3d,欽,5
614,9262,鉢,5
614,80e1,胡,5
614,8389,莉,5
614,626e,扮,5
614,7e2b,縫,5
614,8cdc,賜,5
614,6a3d,樽,5
614,61a7,憧,5
614,4fae,侮,5
614,7d79,絹,5
614,8cd3,賓,5
614,6e13,渓,5
614,85dd,藝,5
614,4f0e,伎,5
614,6843,桃,5
614,6841,桁,5
614,864e,虎,5
614,6a7f,橿,5
614,745e,瑞,5
614,6681,暁,5
614,5589,喉,5
614,66a2,暢,5
614,72e9,狩,5
614,7901,礁,5
614,5835,堵,5
614,6d8c,涌,5
614,52be,劾,5
614,7554,畔,5
614,96b7,隷,5
614,5446,呆,5
614,8b90,讐,5
614,819d,膝,5
614,8305,茅,5
614,932f,錯,5
614,6eba,溺,5
614,565b,噛,5
614,6b89,殉,5
614,842c,萬,5
614,6687,暇,5
614,5be7,寧,5
614,70cf,烏,5
614,6284,抄,5
614,51cc,凌,5
614,9913,餓,5
614,5e9a,庚,5
615,5de7,巧,4
615,7db4,綴,4
615,84bc,蒼,4
615,76f2,盲,4
615,840c,萌,4
615,6a9c,檜,4
615,689d,條,4
615,7a1c,稜,4
615,9905,餅,4
615,7aaa,窪,4
615,9b31,鬱,4
615,55e3,嗣,4
615,7c97,粗,4
615,8702,蜂,4
615,3005,(別)々,4
615,7c8b,粋,4
615,7089,炉,4
615,5df4,巴,4
615,8f0c,輌,4
615,6fef,濯,4
615,6bc0,毀,4
615,5132,儲,4
615,929a,銚,4
615,6115,愕,4
615,6191,憑,4
615,79e6,秦,4
615,981a,頚,4
615,8b74,譴,4
615,9ece,黎,4
615,6731,朱,4
615,5ee3,廣,4
615,8ad2,諒,4
615,6c41,汁,4
615,6c57,汗,4
615,82a5,芥,4
615,5016,倖,4
615,78c1,磁,4
615,92f8,鋸,4
615,5dfe,巾,4
615,3005,(着)々,4
615,7b08,笈,4
615,81b5,膵,4
615,6b64,此,4
615,723e,爾,4
615,6afb,櫻,4
615,85cd,藍,4
615,6c72,汲,4
615,7a40,穀,4
615,5eb8,庸,4
615,80aa,肪,4
615,6e9c,溜,4
615,7aff,竿,4
615,4f10,伐,4
615,8237,舷,4
615,7573,畳,4
615,69fd,槽,4
615,90c1,郁,4
615,58b3,墳,4
615,7985,禅,4
615,97ad,鞭,4
615,932c,錬,4
615,611a,愚,4
615,7766,睦,4
615,6e1a,渚,4
615,5197,冗,4
615,91c7,采,4
615,86cd,蛍,4
615,82d7,苗,4
615,8129,脩,4
615,6357,捗,4
615,6b23,欣,4
615,8de8,跨,4
615,6168,慨,4
615,919c,醜,4
615,68fa,棺,4
615,4e32,串,4
615,8aeb,諫,4
615,96cc,雌,4
615,69ff,槿,4
615,912d,鄭,4
615,537f,卿,4
615,6e67,湧,4
615,5f4c,彌,4
615,9f13,鼓,4
615,8d66,赦,4
615,3005,(国)々,4
615,96eb,雫,4
615,731f,猟,4
615,660f,昏,4
615,98e2,飢,4
615,98ce,风,4
615,9646,陆,4
615,76c6,盆,4
615,9f20,鼠,4
615,6fe1,濡,4
615,810a,脊,4
615,8faf,辯,4
616,6775,杵,3
616,6deb,淫,3
616,828b,芋,3
616,67ff,柿,3
616,4f5b,佛,3
616,8f3f,輿,3
616,6668,晨,3
616,7577,畷,3
616,9cf3,鳳,3
616,6d9c,涜,3
616,5840,塀,3
616,564c,噌,3
616,6f2c,漬,3
616,614c,慌,3
616,65ac,斬,3
616,57e0,埠,3
616,73a9,玩,3
616,9a28,騨,3
616,6dcb,淋,3
616,5954,奔,3
616,8977,襷,3
616,7dba,綺,3
616,5c3a,尺,3
616,7b8b,箋,3
616,808b,肋,3
616,58f1,壱,3
616,60c7,惇,3
616,9812,頒,3
616,5152,兒,3
616,5cef,峯,3
616,3005,(由)々,3
616,6c76,汶,3
616,96c1,雁,3
616,935b,鍛,3
616,7e8f,纏,3
616,9761,靡,3
616,6e07,渇,3
616,54fa,哺,3
616,7d10,紐,3
616,5141,允,3
616,5321,匡,3
616,7d62,絢,3
616,9838,頸,3
616,66d6,曖,3
616,6627,昧,3
616,9061,遡,3
616,51b6,冶,3
616,916a,酪,3
616,697c,楼,3
616,6ad3,櫓,3
616,620e,戎,3
616,546a,呪,3
616,621a,戚,3
616,64ec,擬,3
616,76e7,盧,3
616,9249,鉉,3
616,54b8,咸,3
616,77ef,矯,3
616,9b8e,鮎,3
616,5023,倣,3
616,91d8,釘,3
616,56a5,嚥,3
616,7199,熙,3
616,69b4,榴,3
616,8511,蔑,3
616,826b,艫,3
616,865c,虜,3
616,792b,礫,3
616,5faa,循,3
616,62f7,拷,3
616,7881,碁,3
616,3005,(堂)々,3
616,8d74,赴,3
616,7947,祇,3
616,914e,酎,3
616,58d5,壕,3
616,52c3,勃,3
616,74dc,瓜,3
616,643e,搾,3
616,7aba,窺,3
616,9017,逗,3
616,7368,獨,3
616,6876,桶,3
616,5b78,學,3
616,589f,墟,3
616,6960,楠,3
616,5a2f,娯,3
616,5f27,弧,3
616,63c9,揉,3
616,5c16,尖,3
616,8017,耗,3
616,7b95,箕,3
616,6ea2,溢,3
616,8adc,諜,3
616,9d3b,鴻,3
616,51c4,凄,3
616,708a,炊,3
616,96c0,雀,3
616,584a,塊,3
616,6813,栓,3
616,7ce0,糠,3
616,99b3,馳,3
616,8da8,趨,3
616,80af,肯,3
616,8b5c,譜,3
616,8a54,詔,3
616,7a63,穣,3
616,6703,會,3
616,7aae,窮,3
616,99d5,駕,3
616,5ec9,廉,3
616,548b,咋,3
616,5e06,帆,3
616,9884,预,3
616,53d1,发,3
616,98b1,颱,3
616,51a4,冤,3
616,77ee,矮,3
616,8087,肇,3
616,5687,嚇,3
617,3005,(淡)々,2
617,65a1,斡,2
617,71d5,燕,2
617,5eb6,庶,2
617,7d21,紡,2
617,925b,鉛,2
617,3005,(度)々,2
617,68b1,梱,2
617,8d73,赳,2
617,5b8b,宋,2
617,7525,甥,2
617,56a2,嚢,2
617,6292,抒,2
617,5edf,廟,2
617,57dc,埜,2
617,70b3,炳,2
617,5ce0,峠,2
617,831c,茜,2
617,6ccc,泌,2
617,871c,蜜,2
617,6fc1,濁,2
617,59ea,姪,2
617,6602,昂,2
617,69cd,槍,2
617,857e,蕾,2
617,6234,戴,2
617,660a,昊,2
617,5cfb,峻,2
617,85af,薯,2
617,6a3a,樺,2
617,5733,圳,2
617,79ae,禮,2
617,647a,摺,2
617,9010,逐,2
617,5cd9,峙,2
617,9aed,髭,2
617,553e,唾,2
617,932b,錫,2
617,8e99,躙,2
617,5bc5,寅,2
617,5d11,崑,2
617,7aea,竪,2
617,70b8,炸,2
617,716e,煮,2
617,87f9,蟹,2
617,9688,隈,2
617,5fbd,徽,2
617,8b49,證,2
617,53e1,叡,2
617,6fe4,濤,2
617,64a5,撥,2
617,5289,劉,2
617,7ac8,竈,2
617,65fa,旺,2
617,88fe,裾,2
617,8568,蕨,2
617,3005,(万)々,2
617,5e87,庇,2
617,618e,憎,2
617,5dbc,嶼,2
617,7dfb,緻,2
617,723a,爺,2
617,840e,萎,2
617,6167,慧,2
617,5b54,孔,2
617,61a9,憩,2
617,5750,坐,2
617,5507,唇,2
617,582f,堯,2
617,76c3,盃,2
617,6652,晒,2
617,95a4,閤,2
617,676e,杮,2
617,4ec7,仇,2
617,608c,悌,2
617,9318,錘,2
617,8139,脹,2
617,905c,遜,2
617,82db,苛,2
617,5b2c,嬬,2
617,82c5,苅,2
617,6055,恕,2
617,8c8c,貌,2
617,4e56,乖,2
617,8096,肖,2
617,8fe6,迦,2
617,7325,猥,2
617,699b,榛,2
617,3005,(大)々,2
617,3005,(再)々,2
617,4f0d,伍,2
617,90a8,邨,2
617,85e9,藩,2
617,53d4,叔,2
617,3005,(時)々,2
617,8e93,躓,2
617,62d9,拙,2
617,98f4,飴,2
617,818f,膏,2
617,8679,虹,2
617,5e25,帥,2
617,4e14,且,2
617,3005,(等)々,2
617,3005,(転)々,2
617,914c,酌,2
617,982c,頬,2
617,5875,塵,2
617,55a7,喧,2
617,5629,嘩,2
617,3005,(奈)々,2
617,6c70,汰,2
617,5598,喘,2
617,3005,(色)々,2
617,5e47,幇,2
617,68a2,梢,2
617,9065,遥,2
617,6abb,檻,2
617,990c,餌,2
617,56c1,囁,2
617,64e2,擢,2
617,8068,聨,2
617,9784,鞄,2
617,3005,(年)々,2
617,4f43,佃,2
617,5b8d,宍,2
617,4e59,乙,2
617,783a,砺,2
617,8e4a,蹊,2
617,984e,顎,2
617,6f15,漕,2
617,8f62,轢,2
617,6dbc,涼,2
617,5617,嘗,2
617,64b0,撰,2
617,5504,唄,2
617,936c,鍬,2
617,773a,眺,2
617,85aa,薪,2
617,690b,椋,2
617,9081,邁,2
617,62ed,拭,2
617,5be6,實,2
617,7c64,籤,2
617,6f70,潰,2
617,895f,襟,2
617,698e,榎,2
617,5271,剱,2
617,8154,腔,2
617,6582,斂,2
617,4e11,丑,2
617,8475,葵,2
617,5ce8,峨,2
617,83d6,菖,2
617,5191,冑,2
617,7826,砦,2
617,82d4,苔,2
617,7155,煕,2
617,8fc2,迂,2
617,9077,遷,2
617,860a,蘊,2
617,3005,(面)々,2
617,7344,獄,2
617,9676,陶,2
617,8431,萱,2
617,3005,(正)々,2
617,93d1,鏑,2
617,97ee,韮,2
617,69d9,槙,2
617,5302,匂,2
617,6b6a,歪,2
617,71be,熾,2
617,7165,煥,2
617,73b2,玲,2
617,986f,顯,2
617,8877,衷,2
617,8fbf,辿,2
617,73c2,珂,2
617,817f,腿,2
617,3005,(翌)々,2
617,80a1,股,2
617,6063,恣,2
617,6cc4,泄,2
617,7483,璃,2
617,68b5,梵,2
617,633f,挿,2
617,5361,卡,2
617,6c14,气,2
617,66fe,曾,2
617,7fc1,翁,2
617,5c9b,岛,2
617,5f3a,强,2
617,50b3,傳,2
617,8a0a,訊,2
617,6c8c,沌,2
617,62dc,拜,2
617,85ae,薮,2
617,5ec8,廈,2
617,53bf,县,2
617,88ad,袭,2
617,51fb,击,2
617,5eb5,庵,2
617,3005,(刻)々,2
617,5879,塹,2
617,927e,鉾,2
617,72db,狛,2
617,3005,(島)々,2
617,541f,吟,2
617,514e,兎,2
617,8258,艘,2
617,9059,遙,2
617,7259,牙,2
617,71c1,燁,2
617,79df,租,2
617,8235,舵,2
617,7455,瑕,2
617,75b5,疵,2
617,73ca,珊,2
617,745a,瑚,2
617,86cb,蛋,2
617,81b3,膳,2
617,54b3,咳,2
617,62ff,拿,2
617,9bab,鮫,2
617,601c,怜,2
618,752b,甫,1
618,7280,犀,1
618,3005,(各)々,1
618,9019,這,1
618,5b5c,孜,1
618,971c,霜,1
618,4f91,侑,1
618,5d5c,嵜,1
618,3005,(共)々,1
618,67da,柚,1
618,6726,朦,1
618,6727,朧,1
618,71fb,燻,1
618,6c4e,汎,1
618,79be,禾,1
618,5516,唖,1
618,5c4d,屍,1
618,8309,茉,1
618,60f6,惶,1
618,6912,椒,1
618,3005,(生)々,1
618,834f,荏,1
618,77ad,瞭,1
618,51f0,凰,1
618,5420,吠,1
618,5ee0,廠,1
618,6802,栂,1
618,8e42,蹂,1
618,6689,暉,1
618,51f8,凸,1
618,8af6,諶,1
618,7490,璐,1
618,67d1,柑,1
618,7f75,罵,1
618,91a4,醤,1
618,8446,葆,1
618,67a1,枡,1
618,9438,鐸,1
618,874b,蝋,1
618,6853,桓,1
618,6070,恰,1
618,53a8,厨,1
618,59f6,姶,1
618,918d,醍,1
618,9190,醐,1
618,80dd,胝,1
618,7027,瀧,1
618,3005,(華)々,1
618,9162,酢,1
618,55dc,嗜,1
618,9be8,鯨,1
618,6500,攀,1
618,723d,爽,1
618,9591,閑,1
618,6144,慄,1
618,9eb9,麹,1
618,82b9,芹,1
618,9291,銑,1
618,52fa,勺,1
618,5301,匁,1
618,7e5e,繞,1
618,3005,(丸)々,1
618,3005,(広)々,1
618,5f45,彅,1
618,9edb,黛,1
618,6cab,沫,1
618,70fd,烽,1
618,6893,梓,1
618,7d43,絃,1
618,7109,焉,1
618,893b,褻,1
618,6759,杙,1
618,6a1f,樟,1
618,8070,聰,1
618,4e99,亙,1
618,9640,陀,1
618,4fa0,侠,1
618,7099,炙,1
618,3005,(処)々,1
618,6ed3,滓,1
618,711a,焚,1
618,8597,薗,1
618,586b,填,1
618,7e37,縷,1
618,64ab,撫,1
618,634c,捌,1
618,9786,鞆,1
618,6829,栩,1
618,9e78,鹸,1
618,9189,醉,1
618,81e5,臥,1
618,82af,芯,1
618,84ec,蓬,1
618,7f9e,羞,1
618,800c,而,1
618,6dd8,淘,1
618,8d0b,贋,1
618,699c,榜,1
618,52c1,勁,1
618,9041,遁,1
618,786f,硯,1
618,9e1e,鸞,1
618,91e9,釩,1
618,5a3c,娼,1
618,598d,妍,1
618,5a7f,婿,1
618,5815,堕,1
618,5f3c,弼,1
618,5700,圀,1
618,847a,葺,1
618,3005,(是)々,1
618,3005,(非)々,1
618,5ba5,宥,1
618,4e9b,些,1
618,9f5f,齟,1
618,9f6c,齬,1
618,68f9,棹,1
618,8466,葦,1
618,5dd6,巖,1
618,5384,厄,1
618,6953,楓,1
618,93a7,鎧,1
618,9918,餘,1
618,8882,袂,1
618,7bc6,篆,1
618,8805,蠅,1
618,652a,攪,1
618,62cc,拌,1
618,7169,煩,1
618,51db,凛,1
618,602f,怯,1
618,93b9,鎹,1
618,64bc,撼,1
618,51c9,凉,1
618,849f,蒟,1
618,84bb,蒻,1
618,8098,肘,1
618,88d4,裔,1
618,6ec9,滉,1
618,5f4a,彊,1
618,63f6,揶,1
618,63c4,揄,1
618,3005,(楽)々,1
618,6a05,樅,1
618,505a,做,1
618,5451,呑,1
618,811b,脛,1
618,5080,傀,1
618,5121,儡,1
618,7435,琵,1
618,7436,琶,1
618,78d4,磔,1
618,822b,舫,1
618,932e,錮,1
618,5ae1,嫡,1
618,698a,榊,1
618,606b,恫,1
618,7d06,紆,1
618,5830,堰,1
618,594e,奎,1
618,9c0d,鰍,1
618,7ae6,竦,1
618,8276,艶,1
618,8ecb,軋,1
618,88f3,裳,1
618,9d60,鵠,1
618,7473,瑳,1
618,58ec,壬,1
618,3005,(間)々,1
618,9dfa,鷺,1
618,701e,瀞,1
618,5f04,弄,1
618,3005,(口)々,1
618,88b4,袴,1
618,98c4,飄,1
618,3005,(飄)々,1
618,7709,眉,1
618,6f06,漆,1
618,4e1e,丞,1
618,6d12,洒,1
618,8e8a,躊,1
618,8e87,躇,1
618,7566,畦,1
618,6b3e,款,1
618,71c8,燈,1
618,7e8c,續,1
618,99b4,馴,1
618,7262,牢,1
618,93ac,鎬,1
618,5319,匙,1
618,9945,饅,1
618,502d,倭,1
618,60e3,惣,1
618,7825,砥,1
618,7d3a,紺,1
618,5e5f,幟,1
618,8997,覗,1
618,6c50,汐,1
618,8471,葱,1
618,8153,腓,1
618,85a8,薨,1
618,8695,蚕,1
618,7e6d,繭,1
618,7149,煉,1
618,633d,挽,1
618,3005,(久)々,1
618,9453,鑓,1
618,6f8e,澎,1
618,70df,烟,1
618,685d,桝,1
618,85fb,藻,1
618,8339,茹,1
618,633a,挺,1
618,9b6f,魯,1
618,7538,甸,1
618,5c39,尹,1
618,5d17,崗,1
618,4ed4,仔,1
618,759d,疝,1
618,9b28,鬨,1
618,75b9,疹,1
618,6fe0,濠,1
618,8f13,輓,1
618,8703,蜃,1
618,81c6,臆,1
618,7bb8,箸,1
618,69cc,槌,1
618,9091,邑,1
618,68af,梯,1
618,4fdf,俟,1
618,62ac,抬,1
618,7656,癖,1
618,7c43,籃,1
618,6bec,毬,1
618,6a47,橇,1
618,3005,(上)々,1
618,5d6f,嵯,1
618,7a17,稗,1
618,976d,靭,1
618,7bc7,篇,1
618,83a2,莢,1
618,8862,衢,1
618,6dc5,淅,1
618,8f5f,轟,1
618,7015,瀕,1
618,96db,雛,1
618,80e4,胤,1
618,68a0,梠,1
618,61fc,懼,1
618,6021,怡,1
618,60b6,悶,1
618,7e23,縣,1
618,6a45,橅,1
618,5962,奢,1
618,74bd,璽,1
618,3005,(志)々,1
618,3005,(恐)々,1
618,7d9c,綜,1
618,7962,祢,1
618,8acc,諌,1
618,958f,閏,1
618,8ba1,计,1
618,676d,杭,1
618,707e,灾,1
618,7ea7,级,1
618,5e94,应,1
618,54cd,响,1
618,8fea,迪,1
618,6a02,樂,1
618,5e86,庆,1
618,7ea2,红,1
618,65af,斯,1
618,4e50,乐,1
618,56ed,园,1
618,5f00,开,1
618,4eea,仪,1
618,5e76,并,1
618,fa11,﨑,1
618,548e,咎,1
618,5766,坦,1
618,65f1,旱,1
618,9b43,魃,1
618,52c5,勅,1
618,8b01,謁,1
618,8fbe,达,1
618,7ef4,维,1
618,743c,琼,1
618,63bb,掻,1
618,903e,逾,1
618,758f,疏,1
618,4e9e,亞,1
618,83ab,莫,1
618,65a7,斧,1
618,639f,掟,1
618,51b3,决,1
618,53c3,參,1
618,9f99,龙,1
618,65f6,时,1
618,8bb8,许,1
618,83b2,莲,1
618,4e30,丰,1
618,6ee8,滨,1
618,5377,卷,1
618,521b,创,1
618,7eaa,纪,1
618,5f55,录,1
618,52bf,势,1
618,6c79,汹,1
618,9ed1,黑,1
618,53a6,厦,1
618,95e8,门,1
618,95fd,闽,1
618,7ca4,粤,1
618,79ef,积,1
618,6781,极,1
618,5907,备,1
618,903c,逼,1
618,856d,蕭,1
618,9022,逢,1
618,8521,蔡,1
618,846d,葭,1
618,584c,塌,1
618,7433,琳,1
618,6d38,洸,1
618,7c00,簀,1
618,5f0c,弌,1
618,606a,恪,1
618,86ee,蛮,1
618,8076,聶,1
618,694a,楊,1
618,5713,圓,1
618,4f7c,佼,1
618,6756,杖,1
618,62ee,拮,1
618,50ad,傭,1
618,837c,荼,1
618,6bd8,毘,1
618,55da,嗚,1
618,8aa6,誦,1
618,95be,閾,1
618,50b2,傲,1
618,805a,聚,1
618,5bf6,寶,1
618,6d1b,洛,1
618,7586,疆,1
618,86ef,蛯,1
618,7960,祠,1
618,66d9,曙,1
618,75e9,痩,1
618,6350,捐,1
618,5fff,忿,1
618,8b2c,謬,1
618,8171,腱,1
618,7cdf,糟,1
618,3005,(近)々,1
618,8a3b,註,1
618,6d19,洙,1
618,6555,敕,1
618,6641,晁,1
618,681e,栞,1
618,7d72,絲,1
618,67ca,柊,1
618,7f60,罠,1
618,722a,爪,1
618,6955,楕,1
618,5ac1,嫁,1
618,6a2b,樫,1
618,8180,膀,1
618,80f1,胱,1
618,785d,硝,1
618,6a59,橙,1
618,7ca5,粥,1
618,803f,耿,1
618,3005,(悠)々,1
618,8606,蘆,1
618,74da,瓚,1
618,700b,瀋,1
618,966a,陪,1
618,8f9c,辜,1
618,7e82,纂,1
618,8463,董,1
618,74a7,璧,1
618,6a48,橈,1
618,722c,爬,1
618,714e,煎,1
618,6636,昶,1
618,3005,(村)々,1
618,78a9,碩,1
618,5eff,廿,1
618,80b1,肱,1
618,7396,玖,1
618,6bb7,殷,1
618,704c,灌,1
618,6f11,漑,1
618,6216,或,1
618,3005,(易)々,1
618,9e7d,鹽,1
618,8543,蕃,1
618,5c07,將,1
618,5e36,帶,1
618,6d36,洶,1
618,6c23,氣,1
618,7063,灣,1
618,665a,晚,1
618,745b,瑛,1
618,5e7f,广,1
618,4e1c,东,1
618,3005,(酒)々,1
618,8a6e,詮,1
618,658c,斌,1
618,9ebf,麿,1
618,8910,褐,1
618,6c5d,汝,1
618,7953,祓,1
618,69c7,槇,1
618,8a60,詠,1
618,685f,桟,1
618,591b,夛,1
618,7e1e,縞,1
618,576e,坮,1
618,57f4,埴,1
618,9598,閘,1
618,5433,吳,1
618,90b1,邱,1
618,8000,耀,1
618,8aaa,說,1
618,5a77,婷,1
618,9ec3,黃,1
618,5f6d,彭,1
618,921e,鈞,1
618,5f91,徑,1
618,81a0,膠,1
618,68d8,棘,1
618,55c5,嗅,1
618,6939,椹,1
618,3005,(多)々,1
618,7a9f,窟,1
618,3005,(野)々,1
618,3005,(寿)々,1
618,809b,肛,1
618,3005,(山)々,1
618,887f,衿,1
618,5a1f,娟,1
618,6046,恆,1
618,8569,蕩,1
618,51e0,几,1
618,8299,芙,1
618,7c3e,簾,1
618,937e,鍾,1
618,6fb3,澳,1
618,6eff,滿,1
618,58d3,壓,1
618,9a37,騷,1
618,6043,恃,1
618,5f48,彈,1
618,99ae,馮,1
618,555f,啟,1
618,69ae,榮,1
618,52de,勞,1