rank,code_point_hex,char,char_count
0,0,all,1118171
1,65e5,日,41749
2,5e74,年,24412
3,6708,月,22290
4,65b0,新,15957
5,805e,聞,12819
6,672c,本,9996
7,4eba,人,9804
8,5927,大,9561
9,4f1a,会,8413
10,4e8b,事,8176
11,6642,時,7863
12,51fa,出,7836
13,56fd,国,7531
14,884c,行,7273
15,767a,発,6974
16,4e2d,中,6784
17,5831,報,6603
18,540c,同,6441
19,793e,社,6432
20,8005,者,5929
21,4e0a,上,5647
22,9078,選,5571
23,5f8c,後,5324
24,5730,地,5313
25,6771,東,5112
26,5e02,市,4982
27,624b,手,4909
28,901a,通,4742
29,58f2,売,4523
30,5408,合,4502
31,751f,生,4453
32,7d4c,経,4381
33,9577,長,4377
34,5206,分,4351
35,671d,朝,4241
36,9593,間,4231
37,90e8,部,4168
38,5b9a,定,4050
39,958b,開,4043
40,770c,県,4017
41,4e00,一,3979
42,5834,場,3960
43,8868,表,3949
44,95a2,関,3910
45,56de,回,3883
46,9023,連,3705
47,898b,見,3626
48,524d,前,3606
49,4eac,京,3604
50,5bfe,対,3532
51,9ad8,高,3451
52,6c0f,氏,3370
53,5185,内,3356
54,660e,明,3301
55,6b7b,死,3278
56,54e1,員,3267
57,8aad,読,3224
58,6c7a,決,3205
59,9053,道,3185
60,7530,田,3152
61,4fe1,信,3126
62,52dd,勝,3006
63,65b9,方,2995
64,4eca,今,2984
65,53f0,台,2964
66,60c5,情,2942
67,5317,北,2918
68,696d,業,2889
69,5b66,学,2862
70,5cf6,島,2850
71,5165,入,2849
72,5b50,子,2825
73,8b70,議,2810
74,7523,産,2800
75,6700,最,2781
76,6027,性,2779
77,6bce,毎,2736
78,5168,全,2730
79,81ea,自,2703
80,5178,典,2702
81,5c71,山,2693
82,8a18,記,2623
83,6c11,民,2617
83,98a8,風,2617
84,91ce,野,2616
85,73fe,現,2607
86,5f53,当,2605
87,4ee5,以,2577
88,76ee,目,2554
89,6240,所,2524
90,4e0b,下,2503
91,5ea6,度,2488
92,7591,疑,2479
93,8b66,警,2448
94,6c17,気,2407
95,6226,戦,2403
96,7acb,立,2399
97,6d77,海,2361
98,99ac,馬,2342
99,53d6,取,2327
100,540d,名,2316
100,5bb9,容,2316
101,5348,午,2307
102,7528,用,2296
103,76f8,相,2275
104,91d1,金,2237
105,9001,送,2217
106,6b73,歳,2216
107,6cd5,法,2179
108,653e,放,2160
108,6210,成,2160
109,4ee3,代,2149
110,521d,初,2114
111,7b2c,第,2111
112,90fd,都,2102
113,7406,理,2090
113,53f7,号,2090
114,7403,球,2077
115,4f53,体,2030
116,4e0d,不,2027
117,7dda,線,2020
118,516c,公,2019
119,52d9,務,2011
120,7d04,約,2008
121,7537,男,2004
122,515a,党,2001
123,53d7,受,1996
124,4e07,万,1983
125,6a5f,機,1975
126,8eca,車,1973
127,8a8d,認,1962
128,653f,政,1952
129,52d5,動,1934
130,5ddd,川,1926
131,5b9f,実,1922
132,4e88,予,1913
133,6b62,止,1904
134,897f,西,1893
135,962a,阪,1891
136,8abf,調,1853
137,5224,判,1842
138,5973,女,1839
139,5171,共,1822
140,67fb,査,1814
141,4e3b,主,1797
142,6295,投,1778
143,7af6,競,1766
144,904b,運,1765
145,5c0f,小,1762
146,4ef6,件,1758
147,6570,数,1754
148,77e5,知,1746
149,5916,外,1741
150,8a66,試,1737
151,6e90,源,1731
152,9662,院,1729
153,7684,的,1718
154,533a,区,1702
155,7d9a,続,1692
156,6821,校,1680
157,8fd1,近,1678
158,6319,挙,1658
159,5e81,庁,1652
160,5bb3,害,1639
160,5143,元,1639
161,4f4d,位,1635
161,5357,南,1635
162,5186,円,1630
163,671f,期,1607
164,539f,原,1599
165,8c61,象,1588
166,4f5c,作,1571
167,7968,票,1565
168,7d50,結,1552
168,5728,在,1552
169,5e9c,府,1541
170,512a,優,1537
171,5f0f,式,1535
172,5dde,州,1529
173,70b9,点,1527
174,4ed8,付,1520
175,6b63,正,1517
176,529b,力,1515
177,52a0,加,1511
178,96fb,電,1500
179,6a29,権,1495
179,6e08,済,1495
180,7d71,統,1482
181,7dcf,総,1465
182,5e73,平,1453
183,9707,震,1449
184,6765,来,1444
185,544a,告,1441
186,6307,指,1438
187,4ea1,亡,1433
188,969b,際,1419
188,6355,捕,1419
189,691c,検,1418
190,8a2d,設,1416
191,610f,意,1412
192,706b,火,1410
193,56e3,団,1408
194,9996,首,1399
195,4e16,世,1382
196,7d44,組,1379
197,5bb6,家,1377
198,795e,神,1372
199,4efb,任,1368
200,78ba,確,1366
201,8a71,話,1360
202,902e,逮,1358
203,5316,化,1353
204,5354,協,1339
205,5b89,安,1328
205,518d,再,1328
206,6559,教,1324
207,554f,問,1318
207,50ac,催,1318
208,80fd,能,1317
209,89e3,解,1308
210,4fdd,保,1289
211,753a,町,1282
212,53cd,反,1277
213,8cde,賞,1259
214,5f97,得,1244
215,6301,持,1236
216,8ee2,転,1234
217,5236,制,1223
218,4f1d,伝,1215
219,6c34,水,1208
220,55b6,営,1206
221,5f15,引,1204
222,54c1,品,1191
223,53bb,去,1183
224,7121,無,1180
225,6d3b,活,1177
226,548c,和,1172
227,754c,界,1171
228,5f37,強,1169
229,5229,利,1167
230,520a,刊,1165
231,4ea4,交,1157
232,4e09,三,1156
232,591a,多,1156
233,9032,進,1155
234,6bba,殺,1154
234,8a08,計,1154
235,4e21,両,1148
236,5ca1,岡,1144
236,5c40,局,1144
236,8981,要,1144
237,53ef,可,1142
238,99c5,駅,1141
239,652f,支,1137
240,88ab,被,1117
241,4e57,乗,1115
242,7269,物,1112
243,679c,果,1109
244,9678,陸,1099
245,6545,故,1093
245,7a7a,空,1093
246,7279,特,1092
247,7d42,終,1090
248,7c73,米,1084
249,9818,領,1083
250,5bae,宮,1081
251,8a9e,語,1078
251,6751,村,1078
252,91cd,重,1067
253,6025,急,1064
254,88c1,裁,1063
254,793a,示,1063
255,7701,省,1061
255,756a,番,1061
256,5225,別,1059
257,5e83,広,1058
258,753b,画,1056
259,8a00,言,1055
260,798f,福,1052
261,53c2,参,1042
262,4f7f,使,1041
263,984c,題,1032
264,6b21,次,1031
265,904e,過,1025
266,59cb,始,1010
267,5e97,店,1000
268,9000,退,999
269,5411,向,992
270,59d4,委,981
271,6253,打,977
271,65ad,断,977
272,4f4f,住,975
273,9332,録,971
274,7f6e,置,969
274,6587,文,969
275,5404,各,965
276,66f8,書,960
277,76e3,監,959
278,53e3,口,956
279,88dc,補,951
280,5c11,少,936
281,5bdf,察,930
282,5148,先,921
283,6728,木,913
283,4e95,井,913
284,8fbc,込,909
285,6cbb,治,907
286,534a,半,904
287,72b6,状,902
288,8077,職,901
289,8d70,走,897
290,6709,有,894
291,6539,改,879
292,5d0e,崎,878
293,6d41,流,877
294,5150,児,874
295,96c6,集,868
296,5104,億,858
297,63d0,提,857
297,7b49,等,857
298,9054,達,851
299,8def,路,847
300,9244,鉄,844
301,5b98,官,839
302,8d77,起,837
303,8ff0,述,835
304,8996,視,831
305,5929,天,830
306,8ecd,軍,824
307,76f4,直,822
308,9762,面,814
309,79cb,秋,813
310,5fc3,心,810
311,5ba2,客,796
312,7740,着,792
313,66f4,更,791
314,65bd,施,786
315,843d,落,784
315,85e4,藤,784
316,611f,感,783
317,5019,候,782
318,901f,速,781
319,77f3,石,779
320,8a34,訴,778
321,5343,千,774
322,4fc2,係,773
322,5de5,工,773
323,5207,切,768
324,50b7,傷,765
325,907a,遺,755
325,4ed6,他,755
326,505c,停,753
326,5712,園,753
327,53ce,収,750
328,8eab,身,749
328,5fdc,応,749
329,7763,督,748
330,75c5,病,747
331,5f79,役,745
332,58eb,士,742
332,6c42,求,742
333,9055,違,741
334,5f71,影,735
335,5e38,常,733
335,57fa,基,733
335,89b3,観,733
336,88fd,製,729
337,635c,捜,727
338,8ca0,負,724
339,682a,株,723
340,6238,戸,717
340,683c,格,717
341,98df,食,715
342,8cc7,資,706
343,7ba1,管,705
344,6d3e,派,704
345,6a2a,横,700
346,96e3,難,698
347,677e,松,692
348,51e6,処,690
348,8aac,説,690
349,89aa,親,687
350,5909,変,684
351,6848,案,681
352,6b66,武,677
353,69d8,様,676
354,6599,料,675
355,542b,含,670
356,79fb,移,669
357,6280,技,668
358,547d,命,665
359,9632,防,664
360,6ce8,注,663
361,8a3c,証,662
361,707d,災,662
362,57df,域,661
362,96e8,雨,661
363,4e0e,与,657
363,898f,規,657
364,6f14,演,656
365,97ff,響,653
366,52e2,勢,651
366,6d88,消,651
367,5074,側,649
368,8449,葉,645
369,5c4b,屋,643
370,63a5,接,640
371,63f4,援,638
372,5efa,建,637
373,5ff5,念,633
374,7531,由,627
374,6e2f,港,627
375,592e,央,624
376,8acb,請,623
376,822a,航,623
377,5e2d,席,622
378,76df,盟,621
379,6c96,沖,620
380,7248,版,619
381,964d,降,618
382,5b85,宅,616
382,592a,太,616
383,614b,態,612
383,6483,撃,612
384,6ce2,波,609
385,7f72,署,606
386,8846,衆,605
387,4f9b,供,600
388,5fa9,復,598
389,571f,土,596
390,6d25,津,595
391,4e8c,二,593
392,5217,列,591
393,8c37,谷,586
394,9664,除,581
395,738b,王,580
396,5e2f,帯,579
397,8ffd,追,578
398,9650,限,576
398,5897,増,576
399,6b8b,残,575
400,697d,楽,574
401,53f2,史,573
401,982d,頭,573
402,661f,星,569
403,8003,考,567
403,7387,率,567
404,6e96,準,564
404,4e5d,九,564
405,5e79,幹,563
406,7372,獲,562
406,7533,申,562
407,6557,敗,561
408,8b77,護,559
409,601d,思,555
409,4f8b,例,555
410,6d5c,浜,554
411,914d,配,553
412,578b,型,549
413,9928,館,548
414,6a4b,橋,545
415,6a21,模,541
415,7a81,突,541
416,7834,破,537
416,8ca9,販,537
417,7b56,策,535
418,53e4,古,534
419,5099,備,533
420,8853,術,532
421,9020,造,529
422,5546,商,528
423,6e1b,減,525
424,6e2c,測,523
424,6ca2,沢,523
424,58f0,声,523
424,5948,奈,523
425,7814,研,517
426,5931,失,516
427,69cb,構,515
427,5f62,形,515
428,6d0b,洋,511
429,67d3,染,509
430,672a,未,505
430,7206,爆,505
431,5468,周,502
431,767b,登,502
432,88c5,装,501
433,5e30,帰,498
434,9a13,験,497
435,5be9,審,496
436,7a0b,程,495
436,82f1,英,495
437,7d19,紙,494
438,9280,銀,493
438,9803,頃,493
439,7fa9,義,492
440,90ce,郎,491
440,9580,門,491
441,4e86,了,487
442,6e21,渡,486
443,6620,映,480
444,56e0,因,479
445,57ce,城,476
445,66b4,暴,476
446,7d99,継,473
447,7a76,究,471
448,65e9,早,468
448,5c0e,導,468
449,5ba4,室,467
450,96e2,離,466
451,4f50,佐,465
452,9752,青,464
453,72af,犯,463
453,5c5e,属,463
454,79d1,科,462
455,7f6a,罪,458
456,8f9e,辞,456
457,8a0e,討,455
458,5fc5,必,452
459,5ca9,岩,451
460,80b2,育,450
460,8239,船,450
461,8ad6,論,448
462,9bae,鮮,445
463,9e7f,鹿,443
463,8d8a,越,443
464,62c5,担,441
465,72ec,独,439
465,8ca1,財,439
466,65cf,族,437
467,771f,真,435
467,53ca,及,435
468,7b97,算,433
469,8fd4,返,432
469,5e55,幕,432
470,507d,偽,430
470,95a3,閣,430
471,4fa1,価,429
472,91cf,量,428
473,5bcc,富,427
474,8cb7,買,425
474,5238,券,425
475,4f11,休,424
476,8db3,足,423
477,968a,隊,422
478,547c,呼,421
478,899a,覚,421
479,611b,愛,420
479,6b4c,歌,420
480,975e,非,419
480,7389,玉,419
480,4fee,修,419
481,5dee,差,418
482,6839,根,417
482,5ef6,延,417
483,4f4e,低,416
483,7e04,縄,416
484,8cbb,費,413
485,826f,良,410
486,6761,条,409
487,97d3,韓,408
488,5b57,字,406
489,4ee4,令,402
489,7a2e,種,402
489,8cea,質,402
490,52b4,労,401
490,6cb3,河,401
490,5409,吉,401
490,672b,末,401
491,71b1,熱,398
492,8d85,超,397
493,885b,衛,395
494,8f2a,輪,394
495,7f8e,美,393
496,7981,禁,391
497,592b,夫,390
497,8f09,載,390
497,5f35,張,390
498,5149,光,388
498,533b,医,388
499,98db,飛,386
500,5426,否,385
501,52a9,助,384
501,591c,夜,384
502,5b8c,完,383
503,5b87,宇,381
504,5c31,就,379
504,767d,白,379
505,590f,夏,378
506,4e94,五,377
506,4e89,争,377
507,671b,望,375
507,6bd4,比,375
507,6cc1,況,375
507,8074,聴,375
508,53f8,司,374
509,5211,刑,373
510,5e2b,師,372
510,5de8,巨,372
511,50cd,働,370
511,5175,兵,370
512,7cfb,系,367
512,500b,個,367
513,9a0e,騎,366
514,984d,額,365
515,969c,障,363
515,5c55,展,363
515,7642,療,363
515,6e7e,湾,363
516,9ce5,鳥,361
517,5272,割,360
518,8a31,許,359
519,5024,値,358
520,5ec3,廃,357
520,70ba,為,357
520,79d2,秒,357
521,5eab,庫,355
521,672d,札,355
521,5065,健,355
522,7dca,緊,354
523,7687,皇,351
524,968e,階,349
525,57fc,埼,346
525,6bcd,母,346
526,6551,救,345
527,81e3,臣,343
527,63a1,採,343
528,4f01,企,340
528,91dd,針,340
529,81f4,致,338
529,643a,携,338
530,5012,倒,337
530,6797,林,337
530,8fba,辺,337
530,6d66,浦,337
531,60f3,想,335
532,8cc0,賀,333
532,6c5f,江,333
533,68ee,森,330
533,907f,避,330
533,4fbf,便,330
534,6750,材,328
534,8987,覇,328
534,7532,甲,328
535,535a,博,327
536,8a03,訃,326
537,5951,契,325
538,4f0a,伊,324
539,5b58,存,323
539,60d1,惑,323
540,539a,厚,322
540,8ac7,談,322
540,8131,脱,322
541,6e80,満,321
542,9031,週,320
543,79c1,私,319
543,632f,振,319
544,8d64,赤,318
545,4ecb,介,317
546,6885,梅,316
547,6458,摘,315
548,516b,八,314
549,63a8,推,313
549,75c7,症,313
550,5f85,待,312
550,5727,圧,312
551,56db,四,310
551,4e45,久,310
552,5f92,徒,309
552,8af8,諸,309
552,676f,杯,309
553,5341,十,308
554,6388,授,307
555,6df1,深,305
555,8a55,評,305
555,65e7,旧,305
555,97f3,音,305
556,8f38,輸,304
557,61b2,憲,303
557,627f,承,303
558,5883,境,302
558,8089,肉,302
558,96ea,雪,302
559,500d,倍,301
560,526f,副,299
561,64b2,撲,295
562,6e29,温,294
562,5f93,従,294
563,5668,器,292
564,7136,然,291
564,640d,損,291
564,6607,昇,291
565,6cc9,泉,290
565,9152,酒,290
565,5ba3,宣,290
566,6628,昨,288
566,8a2a,訪,288
566,7570,異,288
566,9999,香,288
567,8b1d,謝,287
568,6e05,清,286
568,6297,抗,286
569,6255,払,284
569,79f0,称,284
570,5b99,宙,283
571,9045,遅,282
571,6212,戒,282
571,8ab2,課,282
572,9759,静,281
572,6625,春,281
572,52df,募,281
573,7de0,締,279
573,7c4d,籍,279
573,985e,類,279
574,5cb8,岸,278
574,60aa,悪,278
574,8efd,軽,278
575,52b9,効,277
576,62e0,拠,276
577,7d66,給,275
577,5c04,射,275
578,5915,夕,274
578,85ac,薬,274
579,6bb5,段,273
579,7de8,編,273
579,6cb9,油,273
580,5d29,崩,272
581,5c02,専,271
581,629c,抜,271
581,9ebb,麻,271
582,8e8d,躍,270
583,82b1,花,269
583,9589,閉,269
584,5a5a,婚,268
585,5264,剤,267
585,5b63,季,267
586,7d22,索,265
586,63b2,掲,265
587,58ca,壊,264
588,5ea7,座,263
589,9063,遣,261
589,6574,整,261
589,66ff,替,261
590,7d00,紀,260
591,82e5,若,259
592,8cac,責,257
593,7fbd,羽,256
593,5841,塁,256
593,967d,陽,256
594,68c4,棄,255
595,9069,適,254
595,64a4,撤,254
596,967a,険,253
596,6f5f,潟,253
596,65c5,旅,253
596,56f3,図,253
596,76d7,盗,253
597,559c,喜,252
597,9806,順,252
597,6563,散,252
598,6a19,標,251
598,8fb2,農,251
599,7a0e,税,250
600,7d1a,級,249
600,8a33,訳,249
601,5f01,弁,248
601,7236,父,248
602,7559,留,247
603,5b88,守,246
603,5c3e,尾,246
604,885d,衝,245
605,8b58,識,244
606,5bc4,寄,243
607,7e54,織,242
608,4e26,並,240
608,6c60,池,240
609,62e1,拡,239
609,5de1,巡,239
609,653b,攻,239
609,8208,興,239
609,6b27,欧,239
610,9003,逃,238
610,7267,牧,238
611,82b8,芸,236
612,4f34,伴,234
612,7802,砂,234
613,7e3e,績,233
614,4f55,何,232
614,6b74,歴,232
614,731b,猛,232
614,9283,銃,232
615,91cc,里,230
615,7d61,絡,230
615,5f3e,弾,230
616,718a,熊,229
617,5177,具,227
618,98f2,飲,225
618,8907,複,225
619,5dfb,巻,224
619,4e71,乱,224
620,5358,単,223
621,5c4a,届,222
621,74b0,環,222
621,6fc0,激,222
622,878d,融,221
622,529f,功,221
622,8aa4,誤,221
623,52e4,勤,220
624,713c,焼,219
625,7a4d,積,218
626,96c4,雄,217
626,5fb3,徳,217
627,6df7,混,216
627,5e4c,幌,216
628,6bd2,毒,215
629,4ed5,仕,211
629,725b,牛,211
630,7b54,答,210
630,9ed2,黒,210
631,96c7,雇,209
631,5371,危,209
631,63db,換,209
632,4f75,併,208
633,5bfa,寺,207
634,5247,則,205
634,8840,血,205
634,677f,板,205
635,90a6,邦,204
635,5c06,将,204
635,8349,草,204
635,8cdb,賛,204
635,91c8,釈,204
635,5275,創,204
636,523a,刺,203
636,5c45,居,203
637,90f5,郵,202
638,53b3,厳,201
638,83ef,華,201
638,9f8d,龍,201
639,8fce,迎,200
639,5473,味,200
640,822c,般,198
641,7fd2,習,196
641,5230,到,196
641,589c,墜,196
642,89e6,触,195
643,59ff,姿,194
643,6050,恐,194
643,5eb7,康,194
644,670d,服,193
644,62bc,押,193
644,8457,著,193
644,66f2,曲,193
645,596a,奪,192
645,5199,写,192
645,9084,還,192
646,9805,項,190
647,5374,却,189
647,81e8,臨,189
648,820e,舎,188
648,767e,百,188
648,63a2,探,188
649,79c0,秀,187
650,6b20,欠,186
650,7fcc,翌,186
650,623b,戻,186
650,89a7,覧,186
650,7d76,絶,186
651,5742,坂,185
651,6279,批,185
652,65e2,既,184
652,5f31,弱,184
652,5e78,幸,184
652,5fd7,志,184
653,6e09,渉,183
653,7e70,繰,183
654,4fb5,侵,182
654,57f7,執,182
655,50cf,像,181
655,5e0c,希,181
655,8de1,跡,181
656,524a,削,180
657,7df4,練,179
657,8c6a,豪,179
657,59bb,妻,179
658,9006,逆,178
658,6838,核,178
658,9769,革,178
659,7d30,細,177
659,9014,途,177
660,5e45,幅,176
660,5de6,左,176
660,6975,極,176
661,6211,我,175
661,511f,償,175
662,76ca,益,174
662,675f,束,174
662,5c90,岐,174
662,95d8,闘,174
662,6c38,永,174
662,5146,兆,174
663,6b69,歩,173
663,8c4a,豊,173
664,4ff3,俳,172
664,9f62,齢,172
664,8cfc,購,172
664,60a3,患,172
664,99d0,駐,172
664,5bbf,宿,172
665,77ed,短,170
665,796d,祭,170
665,5674,噴,170
666,5370,印,169
667,821e,舞,168
667,514d,免,168
667,4e38,丸,168
667,70c8,烈,168
668,5009,倉,167
668,6cbf,沿,167
668,639b,掛,167
669,56f2,囲,166
670,990a,養,164
670,5f66,彦,164
670,5e03,布,164
670,62db,招,164
671,702c,瀬,163
672,8b72,譲,162
673,7def,緯,161
673,961c,阜,161
674,71c3,燃,160
674,541b,君,160
675,606f,息,159
675,8328,茨,159
676,523b,刻,158
676,642c,搬,158
676,5584,善,158
677,7fa4,群,157
677,7bc9,築,157
677,8ff7,迷,157
677,597d,好,157
677,65ec,旬,157
678,5bc6,密,156
678,99d2,駒,156
679,82e6,苦,155
679,8217,舗,155
679,585a,塚,155
680,8a1f,訟,154
680,7dad,維,154
681,5287,劇,153
681,983c,頼,153
681,6f22,漢,153
682,52e7,勧,152
682,7af9,竹,152
683,4ed9,仙,151
683,7a32,稲,151
684,8e0f,踏,149
684,80ba,肺,149
684,5802,堂,149
684,76db,盛,149
685,690d,植,148
686,4f59,余,147
686,8b80,讀,147
686,8ce3,賣,147
687,7adc,竜,146
687,5f8b,律,146
688,7cbe,精,145
688,64ae,撮,145
688,7d20,素,145
688,8feb,迫,145
688,62dd,拝,145
689,53f3,右,144
690,6f2b,漫,143
691,8a95,誕,141
691,5747,均,141
691,9756,靖,141
692,8857,街,140
692,50b5,債,140
693,629e,択,139
693,8a98,誘,139
693,666e,普,139
694,88cf,裏,138
694,56fa,固,138
694,6271,扱,138
694,9686,隆,138
694,9858,願,138
695,5352,卒,137
695,708e,炎,137
695,68df,棟,137
695,963f,阿,137
695,80cc,背,137
695,6ede,滞,137
696,8133,脳,136
696,5360,占,136
697,63a7,控,135
697,7bc4,範,135
697,9aa8,骨,135
697,7ae0,章,135
697,6e0b,渋,135
697,81d3,臓,135
697,64cd,操,135
697,61f2,懲,135
697,66dc,曜,135
698,6a39,樹,134
698,4e5f,也,134
698,4f38,伸,134
699,62d2,拒,133
699,8056,聖,133
699,5438,吸,133
699,61f8,懸,133
700,83ca,菊,132
700,50da,僚,132
700,8266,艦,132
701,5feb,快,131
701,6298,折,131
701,56f0,困,131
701,9663,陣,131
701,57a3,垣,131
701,662d,昭,131
701,51a0,冠,131
702,67a0,枠,130
702,666f,景,130
702,570f,圏,130
703,6f0f,漏,129
703,8272,色,129
703,53cb,友,129
704,8a8c,誌,128
705,90a3,那,127
705,7d39,紹,127
705,82eb,苫,127
705,8a3a,診,127
705,8a73,詳,127
705,5800,堀,127
706,6075,恵,126
706,51ac,冬,126
706,8ca8,貨,126
706,623f,房,126
706,81f3,至,126
706,9060,遠,126
706,6cf3,泳,126
706,5100,儀,126
706,8a72,該,126
707,6790,析,125
707,7ffb,翻,125
707,667a,智,125
708,8b1b,講,124
708,76e4,盤,124
708,8c46,豆,124
708,7434,琴,124
708,5fa1,御,124
708,8972,襲,124
708,7a3f,稿,124
709,7f70,罰,123
709,63ee,揮,123
709,62d8,拘,123
709,4e4b,之,123
710,7aef,端,122
710,4ef2,仲,122
710,96d1,雑,122
711,8001,老,121
711,9042,遂,121
711,95b2,閲,121
711,7ae5,童,121
711,6f01,漁,121
711,9234,鈴,121
712,614e,慎,120
712,7d0d,納,120
712,67c4,柄,120
713,7159,煙,119
714,9396,鎖,118
714,8535,蔵,118
714,5f18,弘,118
715,616e,慮,117
715,6589,斉,117
715,679a,枚,117
716,7167,照,116
716,5b9d,宝,116
717,888b,袋,115
717,6e56,湖,115
717,6ecb,滋,115
718,6291,抑,114
718,7e2e,縮,114
718,795d,祝,114
718,5a66,婦,114
719,6803,栃,113
719,7bc0,節,113
719,89d2,角,113
720,8377,荷,112
720,8a89,誉,112
720,9192,醒,112
720,5373,即,112
721,9d8f,鶏,111
721,83f1,菱,111
721,5e95,底,111
722,8ce0,賠,110
722,63aa,措,110
722,4ec1,仁,110
722,5b97,宗,110
723,7686,皆,109
724,4e9c,亜,108
724,7bb1,箱,108
724,8352,荒,108
725,68a8,梨,107
726,5e8a,床,106
727,9854,顔,105
727,5439,吹,105
727,829d,芝,105
728,904a,遊,104
728,5f70,彰,104
728,4e73,乳,104
729,9867,顧,103
729,52aa,努,103
729,4f9d,依,103
729,65d7,旗,103
730,732e,献,102
730,8302,茂,102
730,6392,排,102
730,5fb9,徹,102
730,59a8,妨,102
731,5145,充,101
731,96f2,雲,101
731,642d,搭,101
731,96a0,隠,101
732,757f,畿,100
732,6b53,歓,100
732,9db4,鶴,100
732,99c6,駆,100
732,5bdd,寝,100
733,72a0,犠,99
733,7409,琉,99
734,59c9,姉,98
734,51b7,冷,98
734,846c,葬,98
734,7b20,笠,98
734,4e80,亀,98
734,5fb4,徴,98
734,7565,略,98
735,4eee,仮,97
735,7d05,紅,97
735,5c64,層,97
736,51cd,凍,96
736,9b41,魁,96
737,7272,牲,95
738,5f7c,彼,94
738,6ed1,滑,94
739,5cb3,岳,93
739,6577,敷,93
739,8105,脅,93
740,6749,杉,92
740,7d14,純,92
740,65cb,旋,92
740,6311,挑,92
740,6d45,浅,92
740,96a3,隣,92
740,6dfb,添,92
740,85a6,薦,92
740,4e92,互,92
740,65bc,於,92
741,53cc,双,91
741,8aa0,誠,91
741,9285,銅,91
741,62c9,拉,91
742,5ead,庭,90
742,5f80,往,90
743,9a12,騒,89
743,865a,虚,89
743,8a70,詰,89
743,5f1f,弟,89
743,6c5a,汚,89
743,8cb4,貴,89
743,5ef7,廷,89
744,501f,借,88
744,54f2,哲,88
744,4fc3,促,88
745,8986,覆,87
745,7832,砲,87
745,6804,栄,87
745,8a17,託,87
746,4fca,俊,86
747,7c9b,粛,85
747,72d9,狙,85
747,8a6b,詫,85
748,685c,桜,84
748,5e7c,幼,84
749,75db,痛,83
749,8ddd,距,83
749,5305,包,83
749,6ec5,滅,83
749,51f1,凱,83
750,7b87,箇,82
750,62b1,抱,82
750,6fc3,濃,82
750,75ab,疫,82
750,4e39,丹,82
750,8aed,諭,82
751,7b46,筆,81
751,65e8,旨,81
751,7c3f,簿,81
751,811a,脚,81
751,8d08,贈,81
751,7b4b,筋,81
751,59eb,姫,81
752,9732,露,80
752,5965,奥,80
752,67cf,柏,80
752,5922,夢,80
752,6d69,浩,80
752,5bd2,寒,80
753,60b2,悲,79
753,517c,兼,79
753,6c37,氷,79
753,502b,倫,79
753,7dd2,緒,79
753,8a13,訓,79
753,66ab,暫,79
754,8f1d,輝,78
754,8010,耐,78
754,8a50,詐,78
754,6bbf,殿,78
755,6cf0,泰,77
755,65ed,旭,77
755,5d8b,嶋,77
755,764c,癌,77
755,90b8,邸,77
755,55ab,喫,77
755,4ecf,仏,77
755,6674,晴,77
755,7a93,窓,77
756,63fa,揺,76
756,9d6c,鵬,76
756,63e1,握,76
756,3005,(人)々,76
756,6ca1,没,76
756,67f3,柳,76
757,6fa4,澤,75
757,7247,片,75
757,7b11,笑,75
757,5bff,寿,75
757,57cb,埋,75
757,7e26,縦,75
757,638c,掌,75
758,866b,虫,74
758,5a9b,媛,74
759,4e03,七,73
759,8cc3,賃,73
759,8650,虐,73
760,770b,看,72
760,58c1,壁,72
761,9810,預,71
761,6e6f,湯,71
761,90e1,郡,71
761,6bb4,殴,71
762,9808,須,70
762,7e41,繁,70
762,9cf4,鳴,70
763,79d8,秘,69
763,83c5,菅,69
763,602a,怪,69
763,66ae,暮,69
763,679d,枝,69
763,62d3,拓,69
763,5203,刃,69
763,9903,餃,69
764,5144,兄,68
764,8a87,誇,68
764,6bdb,毛,68
764,9a5a,驚,68
764,98fe,飾,68
764,5a18,娘,68
765,59b9,妹,67
765,50be,傾,67
765,7cf8,糸,67
765,9178,酸,67
765,65e6,旦,67
765,60bc,悼,67
765,4f3c,似,67
765,77e2,矢,67
765,793c,礼,67
766,7db1,綱,66
766,6691,暑,66
766,9670,陰,66
766,5b6b,孫,66
766,6db2,液,66
766,4e01,丁,66
766,88d5,裕,66
767,6982,概,65
767,6d6e,浮,65
767,7d1b,紛,65
767,52c7,勇,65
767,9298,銘,65
767,7d75,絵,65
767,98fc,飼,65
767,3005,(我)々,65
767,5c65,履,65
768,7db2,網,64
768,96c5,雅,64
768,90f7,郷,64
768,5e1d,帝,64
768,53a9,厩,64
768,7c21,簡,64
768,6613,易,64
768,6697,暗,64
768,965b,陛,64
769,88c2,裂,63
769,5531,唱,63
769,5098,傘,63
769,5b8f,宏,63
769,5c01,封,63
769,7dbe,綾,63
770,6d74,浴,62
770,8107,脇,62
770,8ca2,貢,62
770,51fd,函,62
770,6b32,欲,62
770,6398,掘,62
771,6c88,沈,61
771,525b,剛,61
771,5506,唆,61
771,7956,祖,61
771,8a02,訂,61
771,62bd,抽,61
771,6b3a,欺,61
771,62d0,拐,61
772,5df1,己,60
772,8179,腹,60
772,6176,慶,60
772,83d3,菓,60
772,9ce9,鳩,60
772,7950,祐,60
772,6cca,泊,60
772,8cab,貫,60
773,77ac,瞬,59
773,587e,塾,59
773,516d,六,59
773,7be0,篠,59
773,62f3,拳,59
774,6052,恒,57
774,660c,昌,57
774,7de9,緩,57
774,6012,怒,57
774,658e,斎,57
774,5c3d,尽,57
774,96f7,雷,57
774,8863,衣,57
774,906d,遭,57
774,67b6,架,57
774,67d4,柔,57
775,598a,妊,56
775,8336,茶,56
775,5b5d,孝,56
775,6696,暖,56
775,6d78,浸,56
775,7261,牡,56
775,8f03,較,56
775,62ec,括,56
775,5ce1,峡,56
775,7d5e,絞,56
776,92ad,銭,55
776,63cf,描,55
776,5bdb,寛,55
776,9ec4,黄,55
776,4e98,亘,55
776,654f,敏,55
776,5f69,彩,55
776,6f5c,潜,55
776,6b6f,歯,55
777,585e,塞,54
777,6d99,涙,54
777,8cb8,貸,54
777,90ca,郊,54
777,656c,敬,54
778,9451,鑑,53
778,624d,才,53
778,9665,陥,53
778,6717,朗,53
778,514b,克,53
778,7c89,粉,53
779,663c,昼,52
779,6817,栗,52
779,5237,刷,52
779,80f8,胸,52
779,7e4b,繋,52
779,9b54,魔,52
779,9673,陳,52
779,8ced,賭,52
780,6d6a,浪,51
780,98ef,飯,51
780,6cbc,沼,51
780,664b,晋,51
780,7965,祥,51
780,5944,奄,51
780,4f0f,伏,51
780,7dd1,緑,51
780,7551,畑,51
780,7949,祉,51
780,7a74,穴,51
781,6f6e,潮,50
781,5609,嘉,50
781,7948,祈,50
781,9811,頑,50
781,786c,硬,50
781,81fc,臼,50
781,604b,恋,50
782,8ab0,誰,49
782,5cf0,峰,49
783,901d,逝,48
783,64c1,擁,48
783,93e1,鏡,48
783,7ffc,翼,48
783,5968,奨,48
783,5acc,嫌,48
783,93d1,鏑,48
784,78d0,磐,47
784,636e,据,47
784,5049,偉,47
784,3005,(佐)々,47
784,5fe0,忠,47
784,3005,(代)々,47
784,5200,刀,47
784,906e,遮,47
785,61be,憾,46
785,62b5,抵,46
785,7336,猶,46
785,9b5a,魚,46
785,5a01,威,46
785,628a,把,46
785,4f73,佳,46
785,67f1,柱,46
786,8da3,趣,45
786,8ecc,軌,45
786,72ac,犬,45
786,6f02,漂,45
786,6170,慰,45
786,8b00,謀,45
786,706f,灯,45
786,5442,呂,45
787,8178,腸,44
787,60dc,惜,44
787,5256,剖,44
787,5c0a,尊,44
787,5c3b,尻,44
787,4e3c,丼,44
787,7e01,縁,44
787,5e72,干,44
787,99ff,駿,44
788,8155,腕,43
788,7720,眠,43
788,8a93,誓,43
788,9b3c,鬼,43
788,8fbb,辻,43
789,76ae,皮,42
789,80de,胞,42
789,9802,頂,42
789,572d,圭,42
789,82b3,芳,42
789,63da,揚,42
789,70ad,炭,42
790,821b,舛,41
790,5e8f,序,41
790,916c,酬,41
790,82d1,苑,41
790,5e33,帳,41
791,8f14,輔,40
791,52b1,励,40
791,5e84,庄,40
791,5353,卓,40
791,7b51,筑,40
791,4e18,丘,40
791,75d5,痕,40
791,725d,牝,40
791,68cb,棋,40
791,508d,傍,40
791,51a5,冥,40
792,7d2b,紫,39
792,80c3,胃,39
792,93ae,鎮,39
792,8ce2,賢,39
792,552f,唯,39
792,543e,吾,39
792,900f,透,39
792,75be,疾,39
792,6d2a,洪,39
792,6f84,澄,39
793,634f,捏,38
793,6328,挨,38
793,62f6,拶,38
793,7126,焦,38
793,9326,錦,38
793,6b96,殖,38
793,6edd,滝,38
793,659c,斜,38
793,631f,挟,38
793,6469,摩,38
793,7a42,穂,38
794,5a20,娠,37
794,6897,梗,37
794,96bb,隻,37
794,6d32,洲,37
794,8a69,詩,37
794,6bc5,毅,37
794,6842,桂,37
794,4ef0,仰,37
794,4ead,亭,37
794,7dbb,綻,37
794,72ed,狭,37
794,7c92,粒,37
794,8e44,蹄,37
795,5c3f,尿,36
795,6575,敵,36
795,809d,肝,36
795,8f44,轄,36
795,5869,塩,36
795,594f,奏,36
795,7b26,符,36
795,50d5,僕,36
795,5e61,幡,36
795,4eae,亮,36
796,5fae,微,35
796,814e,腎,35
796,6b8a,殊,35
796,5f81,征,35
796,8033,耳,35
796,4fd7,俗,35
796,732b,猫,35
796,7ce7,糧,35
797,7d0b,紋,34
797,60e8,惨,34
797,9675,陵,34
797,970a,霊,34
797,8b19,謙,34
797,7560,畠,34
797,55aa,喪,34
797,91dc,釜,34
797,66fd,曽,34
798,7070,灰,33
798,4e7e,乾,33
798,662f,是,33
798,6df3,淳,33
798,4e08,丈,33
798,790e,礎,33
798,5448,呈,33
798,6094,悔,33
798,6816,栖,33
798,8429,萩,33
798,963b,阻,33
798,78e8,磨,33
798,8607,蘇,33
798,73e0,珠,33
798,5857,塗,33
799,5265,剥,32
799,52f2,勲,32
799,9ed9,黙,32
799,54c9,哉,32
799,938c,鎌,32
799,6d44,浄,32
799,674e,李,32
799,6148,慈,32
799,9727,霧,32
799,5f90,徐,32
799,570b,國,32
799,868a,蚊,32
800,7384,玄,31
800,8c9e,貞,31
800,5fd8,忘,31
800,9905,餅,31
800,7a83,窃,31
800,62cd,拍,31
800,6d17,洗,31
800,75f4,痴,31
800,61a4,憤,31
800,5824,堤,31
800,5e63,幣,31
801,8a5e,詞,30
801,816b,腫,30
801,5f25,弥,30
801,3005,(様)々,30
801,845b,葛,30
801,5553,啓,30
801,6df5,淵,30
801,6ce3,泣,30
801,5f84,径,30
801,806f,聯,30
801,51c6,准,30
801,62ab,披,30
801,7ac4,竄,30
801,673d,朽,30
801,5d50,嵐,30
801,7b39,笹,30
801,9271,鉱,30
801,8cc4,賄,30
801,6247,扇,30
801,5983,妃,30
802,8b39,謹,29
802,819c,膜,29
802,7f36,缶,29
802,9694,隔,29
802,6383,掃,29
802,5410,吐,29
802,9a30,騰,29
802,88f8,裸,29
802,5f57,彗,29
802,4fe3,俣,29
803,8870,衰,28
803,559d,喝,28
803,6b04,欄,28
803,8e0a,踊,28
803,6ce5,泥,28
803,85ab,薫,28
803,83cc,菌,28
803,8afe,諾,28
803,7d2f,累,28
803,5b09,嬉,28
804,60a0,悠,27
804,8108,脈,27
804,8c5a,豚,27
804,7518,甘,27
804,5320,匠,27
804,8170,腰,27
804,9700,需,27
804,5854,塔,27
804,54b2,咲,27
804,907d,遽,27
804,6850,桐,27
804,6368,捨,27
804,6442,摂,27
804,8247,艇,27
804,8061,聡,27
804,755c,畜,27
804,6734,朴,27
804,9813,頓,27
804,53e9,叩,27
804,6069,恩,27
804,7dbf,綿,27
804,6597,斗,27
804,4f10,伐,27
804,7940,祀,27
805,7a92,窒,26
805,8caf,貯,26
805,4ff8,俸,26
805,5c1a,尚,26
805,540a,吊,26
805,3005,(次)々,26
805,74f6,瓶,26
805,6f58,潘,26
805,60a9,悩,26
805,8584,薄,26
805,7422,琢,26
805,7b52,筒,26
806,574a,坊,25
806,6f64,潤,25
806,68b0,械,25
806,5378,卸,25
806,5dbd,嶽,25
806,5947,奇,25
806,5c3c,尼,25
806,9375,鍵,25
806,8f29,輩,25
806,852d,蔭,25
806,5449,呉,25
806,56da,囚,25
806,6e9d,溝,25
806,786b,硫,25
807,9df2,鷲,24
807,7a3c,稼,24
807,7a1a,稚,24
807,53c8,又,24
807,51f6,凶,24
807,5510,唐,24
807,61b6,憶,24
807,5805,堅,24
807,7be4,篤,24
807,6e58,湘,24
807,80ce,胎,24
807,4f2f,伯,24
807,6b3d,欽,24
807,80a9,肩,24
807,9e92,麒,24
807,9e9f,麟,24
807,8f9b,辛,24
808,68d2,棒,23
808,9177,酷,23
808,609f,悟,23
808,52d8,勘,23
808,8ed2,軒,23
808,9855,顕,23
808,6851,桑,23
809,5999,妙,22
809,9047,遇,22
809,6562,敢,22
809,5d07,崇,22
809,5982,如,22
809,5c48,屈,22
809,8edf,軟,22
809,5c6f,屯,22
809,4f51,佑,22
809,79bd,禽,22
810,53eb,叫,21
810,6163,慣,21
810,9774,靴,21
810,6162,慢,21
810,91b8,醸,21
810,773c,眼,21
810,7f85,羅,21
810,7058,灘,21
810,6d59,浙,21
810,66f3,曳,21
811,59fb,姻,20
811,84c4,蓄,20
811,84b2,蒲,20
811,96bc,隼,20
811,75b2,疲,20
811,6643,晃,20
811,53e5,句,20
811,61d0,懐,20
811,7a4f,穏,20
811,9154,酔,20
811,9aea,髪,20
811,63c3,揃,20
811,73cd,珍,20
811,8fb0,辰,20
811,983b,頻,20
811,8015,耕,20
811,504f,偏,20
811,5339,匹,20
811,8acf,諏,20
811,58a8,墨,20
811,8ca7,貧,20
811,821f,舟,20
811,8df3,跳,20
811,7f77,罷,20
812,80a2,肢,19
812,6eb6,溶,19
812,3005,(準)々,19
812,91e7,釧,19
812,6d1e,洞,19
812,5192,冒,19
812,8fb1,辱,19
812,80f4,胴,19
812,533f,匿,19
812,57f9,培,19
812,771e,眞,19
812,66a6,暦,19
812,968f,随,19
812,81a8,膨,19
812,3005,(方)々,19
812,67f4,柴,19
812,9ea6,麦,19
812,8ef8,軸,19
812,6068,恨,19
812,8358,荘,19
812,5b64,孤,19
812,82a6,芦,19
812,8faf,辯,19
813,6020,怠,18
813,6e7f,湿,18
813,52c9,勉,18
813,81ed,臭,18
813,5f6b,彫,18
813,8aee,諮,18
813,6cb8,沸,18
813,68da,棚,18
813,52a3,劣,18
813,7b1b,笛,18
813,54c0,哀,18
813,8218,舘,18
813,9699,隙,18
813,751a,甚,18
813,6f54,潔,18
813,5fcc,忌,18
813,82a5,芥,18
813,76e7,盧,18
813,6b64,此,18
813,606d,恭,18
813,8150,腐,18
813,52be,劾,18
813,5893,墓,18
813,9ac4,髄,18
814,83dc,菜,17
814,7a14,稔,17
814,5d16,崖,17
814,9418,鐘,17
814,6676,晶,17
814,7761,睡,17
814,8e2a,踪,17
814,8236,舶,17
814,9e97,麗,17
814,96f0,雰,17
814,9df9,鷹,17
814,4f3a,伺,17
814,862d,蘭,17
814,58cc,壌,17
814,6daf,涯,17
814,5f6c,彬,17
814,8cbf,貿,17
814,5f13,弓,17
814,58c7,壇,17
814,5de3,巣,17
814,72c2,狂,17
814,7815,砕,17
814,6e26,渦,17
814,4e32,串,17
814,6c7d,汽,17
815,6de1,淡,16
815,6881,梁,16
815,7a3d,稽,16
815,4f46,但,16
815,8cbc,貼,16
815,6590,斐,16
815,78ef,磯,16
815,5618,嘘,16
815,7d33,紳,16
815,559a,喚,16
815,5270,剰,16
815,5c0b,尋,16
815,934b,鍋,16
815,6016,怖,16
815,5df3,巳,16
815,64ad,播,16
815,6669,晩,16
815,86c7,蛇,16
815,918d,醍,16
815,9190,醐,16
815,6962,楢,16
815,5a92,媒,16
815,96b7,隷,16
815,8aeb,諫,16
815,8b5c,譜,16
816,4eab,享,15
816,9b45,魅,15
816,5208,刈,15
816,9644,附,15
816,6905,椅,15
816,4e43,乃,15
816,61c7,懇,15
816,683d,栽,15
816,596e,奮,15
816,6dd1,淑,15
816,4ffa,俺,15
816,9ab8,骸,15
816,8cca,賊,15
816,5c09,尉,15
816,9038,逸,15
816,8b0e,謎,15
816,84b8,蒸,15
816,7d17,紗,15
816,6182,憂,15
816,3005,(徐)々,15
816,7c60,籠,15
816,842c,萬,15
816,62fe,拾,15
817,5b9b,宛,14
817,646f,摯,14
817,760d,瘍,14
817,4ff5,俵,14
817,9f3b,鼻,14
817,95a5,閥,14
817,7fd4,翔,14
817,6614,昔,14
817,733f,猿,14
817,5e3d,帽,14
817,4ea8,亨,14
817,690e,椎,14
817,3005,(日)々,14
817,68b6,梶,14
817,73ed,班,14
817,732a,猪,14
817,9435,鐵,14
817,6ce1,泡,14
817,7977,祷,14
817,4f86,來,14
817,5cac,岬,14
817,819a,膚,14
817,9320,錠,14
817,674f,杏,14
817,7d46,絆,14
817,67f5,柵,14
817,6c99,沙,14
817,68fa,棺,14
817,9913,餓,14
818,6e15,渕,13
818,5949,奉,13
818,8b21,謡,13
818,8102,脂,13
818,8fed,迭,13
818,7cd6,糖,13
818,5631,嘱,13
818,5263,剣,13
818,90aa,邪,13
818,675c,杜,13
818,50c5,僅,13
818,576a,坪,13
818,8106,脆,13
818,5f0a,弊,13
818,8389,莉,13
818,6367,捧,13
818,66c7,曇,13
818,6feb,濫,13
818,6e13,渓,13
818,5076,偶,13
818,59a5,妥,13
818,725f,牟,13
818,7891,碑,13
818,727d,牽,13
818,6566,敦,13
818,5e7b,幻,13
818,7aff,竿,13
818,5f14,弔,13
818,853d,蔽,13
818,79e9,秩,13
818,927e,鉾,13
818,785d,硝,13
819,6a0b,樋,12
819,7dac,綬,12
819,6795,枕,12
819,8f3f,輿,12
819,7c98,粘,12
819,5bb0,宰,12
819,6b86,殆,12
819,53ea,只,12
819,9a19,騙,12
819,3005,(元)々,12
819,6666,晦,12
819,673a,机,12
819,6249,扉,12
819,3005,(続)々,12
819,66f9,曹,12
819,5b9c,宜,12
819,8cd1,賑,12
819,5bc2,寂,12
819,66dd,曝,12
819,8ad2,諒,12
819,5016,倖,12
819,5bee,寮,12
819,5bf8,寸,12
819,7f79,罹,12
819,540e,后,12
819,7368,獨,12
819,67a2,枢,12
819,51a8,冨,12
819,96cc,雌,12
820,8912,褒,11
820,7d18,紘,11
820,53ec,召,11
820,5eca,廊,11
820,8c9d,貝,11
820,5375,卵,11
820,7089,炉,11
820,719f,熟,11
820,518a,冊,11
820,907c,遼,11
820,5614,嘔,11
820,59e6,姦,11
820,3005,(数)々,11
820,5dba,嶺,11
820,80c6,胆,11
820,5036,倶,11
820,74e6,瓦,11
820,6c3e,氾,11
820,53f6,叶,11
820,7d79,絹,11
820,9e93,麓,11
820,5398,厘,11
820,4f0e,伎,11
820,8cc2,賂,11
820,8b83,讃,11
820,583a,堺,11
820,7947,祇,11
820,914e,酎,11
820,6d29,洩,11
820,6f20,漠,11
820,6dc0,淀,11
820,565b,噛,11
820,84ee,蓮,11
821,76bf,皿,10
821,817a,腺,10
821,67da,柚,10
821,5075,偵,10
821,7652,癒,10
821,75e2,痢,10
821,77b3,瞳,10
821,7e4a,繊,10
821,91a4,醤,10
821,6a3d,樽,10
821,837b,荻,10
821,91e3,釣,10
821,7a6b,穫,10
821,5782,垂,10
821,8cb0,貰,10
821,51e1,凡,10
821,9d28,鴨,10
821,865e,虞,10
821,7901,礁,10
821,90c1,郁,10
821,5b78,學,10
821,5617,嘗,10
821,708a,炊,10
821,6813,栓,10
821,537f,卿,10
821,8431,萱,10
821,62ff,拿,10
822,7624,瘤,9
822,5642,噂,9
822,5606,嘆,9
822,9685,隅,9
822,99a8,馨,9
822,798e,禎,9
822,8896,袖,9
822,6065,恥,9
822,53d9,叙,9
822,7aaa,窪,9
822,76fe,盾,9
822,7460,瑠,9
822,82bd,芽,9
822,5d14,崔,9
822,7363,獣,9
822,5fcd,忍,9
822,7e1b,縛,9
822,71e5,燥,9
822,6c41,汁,9
822,5f26,弦,9
822,6e4a,湊,9
822,92fc,鋼,9
822,54bd,咽,9
822,6a7f,橿,9
822,4f8d,侍,9
822,92ed,鋭,9
822,632b,挫,9
822,978d,鞍,9
822,9b42,魂,9
822,84cb,蓋,9
822,758e,疎,9
822,6eba,溺,9
822,4e59,乙,9
822,85aa,薪,9
822,6687,暇,9
822,919c,醜,9
822,912d,鄭,9
822,71c8,燈,9
822,5f4c,彌,9
822,8fc5,迅,9
822,72db,狛,9
822,7d72,絲,9
822,6a2b,樫,9
822,77ee,矮,9
823,622f,戯,8
823,5072,偲,8
823,64e6,擦,8
823,80a5,肥,8
823,99c4,駄,8
823,62b9,抹,8
823,6f2c,漬,8
823,58ee,壮,8
823,7ca7,粧,8
823,6349,捉,8
823,95c7,闇,8
823,9a28,騨,8
823,69cd,槍,8
823,5e7e,幾,8
823,6241,扁,8
823,717d,煽,8
823,54e8,哨,8
823,6155,慕,8
823,9075,遵,8
823,5bb4,宴,8
823,6606,昆,8
823,5974,奴,8
823,8b49,證,8
823,53e1,叡,8
823,9262,鉢,8
823,920d,鈍,8
823,971e,霞,8
823,51dd,凝,8
823,60e7,惧,8
823,59d3,姓,8
823,85dd,藝,8
823,5dfe,巾,8
823,63b4,掴,8
823,80aa,肪,8
823,7881,碁,8
823,75fa,痺,8
823,9017,逗,8
823,7345,獅,8
823,8df5,践,8
823,7a00,稀,8
823,69ff,槿,8
823,7d93,經,8
823,7344,獄,8
823,99d5,駕,8
823,98ce,风,8
823,7ca5,粥,8
824,76f2,盲,7
824,925b,鉛,7
824,90ed,郭,7
824,6ff1,濱,7
824,8e74,蹴,7
824,8b33,謳,7
824,9d5c,鵜,7
824,77db,矛,7
824,564c,噌,7
824,8499,蒙,7
824,5efb,廻,7
824,820c,舌,7
824,5351,卑,7
824,857e,蕾,7
824,8861,衡,7
824,53f1,叱,7
824,52fe,勾,7
824,8058,聘,7
824,6492,撒,7
824,80dd,胝,7
824,6bbb,殻,7
824,6841,桁,7
824,5bb5,宵,7
824,7690,皐,7
824,91d8,釘,7
824,85cd,藍,7
824,6beb,毫,7
824,6e9c,溜,7
824,4e4f,乏,7
824,58b3,墳,7
824,6d8c,涌,7
824,5e47,幇,7
824,6e1a,渚,7
824,6357,捗,7
824,6b89,殉,7
824,584a,塊,7
824,73b2,玲,7
824,96eb,雫,7
824,731f,猟,7
824,633f,挿,7
824,6867,桧,7
824,9f20,鼠,7
824,810a,脊,7
824,966a,陪,7
824,81b3,膳,7
824,6fb3,澳,7
825,84bc,蒼,6
825,8513,蔓,6
825,7a1c,稜,6
825,67af,枯,6
825,5fd9,忙,6
825,8702,蜂,6
825,8ae6,諦,6
825,3005,(個)々,6
825,8f0c,輌,6
825,637b,捻,6
825,6a3a,樺,6
825,79ae,禮,6
825,929a,銚,6
825,8a63,詣,6
825,5bc5,寅,6
825,58f1,壱,6
825,9812,頒,6
825,50e7,僧,6
825,6a58,橘,6
825,7e55,繕,6
825,79e6,秦,6
825,626e,扮,6
825,7e2b,縫,6
825,874b,蝋,6
825,61a7,憧,6
825,6e07,渇,6
825,4fae,侮,6
825,7cfe,糾,6
825,7d62,絢,6
825,670b,朋,6
825,608c,悌,6
825,6843,桃,6
825,620e,戎,6
825,5f45,彅,6
825,64ec,擬,6
825,81b5,膵,6
825,745e,瑞,6
825,9640,陀,6
825,808c,肌,6
825,5589,喉,6
825,66a2,暢,6
825,5446,呆,6
825,589f,墟,6
825,8305,茅,6
825,5c16,尖,6
825,4f43,佃,6
825,5091,傑,6
825,932e,錮,6
825,60a6,悦,6
825,8d66,赦,6
825,70cf,烏,6
825,5ec9,廉,6
825,6284,抄,6
825,98e2,飢,6
825,7259,牙,6
826,6775,杵,5
826,96f6,零,5
826,69fb,槻,5
826,6a9c,檜,5
826,582a,堪,5
826,3005,(前)々,5
826,9cf3,鳳,5
826,3005,(早)々,5
826,7ae3,竣,5
826,6d9b,涛,5
826,5d11,崑,5
826,4fb6,侶,5
826,6191,憑,5
826,61c9,應,5
826,6c76,汶,5
826,80e1,胡,5
826,96c1,雁,5
826,8cdc,賜,5
826,8cd3,賓,5
826,6ad3,櫓,5
826,546a,呪,5
826,864e,虎,5
826,7b08,笈,5
826,9249,鉉,5
826,54b8,咸,5
826,6afb,櫻,5
826,4f0d,伍,5
826,69b4,榴,5
826,6681,暁,5
826,7a40,穀,5
826,865c,虜,5
826,72e9,狩,5
826,69fd,槽,5
826,5835,堵,5
826,5598,喘,5
826,7554,畔,5
826,7985,禅,5
826,8b90,讐,5
826,819d,膝,5
826,932f,錯,5
826,91c7,采,5
826,5504,唄,5
826,6168,慨,5
826,5ae1,嫡,5
826,7c64,籤,5
826,5be7,寧,5
826,8fc2,迂,5
826,8a54,詔,5
826,85a8,薨,5
826,8695,蚕,5
826,51cc,凌,5
826,958f,閏,5
826,9646,陆,5
826,7fc1,翁,5
826,76c6,盆,5
826,9f99,龙,5
826,51a4,冤,5
826,67ca,柊,5
826,5e9a,庚,5
827,5de7,巧,4
827,7db4,綴,4
827,6deb,淫,4
827,828b,芋,4
827,67ff,柿,4
827,840c,萌,4
827,689d,條,4
827,7577,畷,4
827,5b8b,宋,4
827,5840,塀,4
827,9b31,鬱,4
827,55e3,嗣,4
827,6ccc,泌,4
827,7c97,粗,4
827,3005,(別)々,4
827,6fc1,濁,4
827,7c8b,粋,4
827,5df4,巴,4
827,6fef,濯,4
827,6bc0,毀,4
827,8977,襷,4
827,5132,儲,4
827,5cd9,峙,4
827,7aea,竪,4
827,6115,愕,4
827,716e,煮,4
827,64a5,撥,4
827,981a,頚,4
827,65fa,旺,4
827,935b,鍛,4
827,8b74,譴,4
827,9ece,黎,4
827,6731,朱,4
827,5ee3,廣,4
827,7d10,紐,4
827,6c57,汗,4
827,78c1,磁,4
827,66d6,曖,4
827,6627,昧,4
827,51b6,冶,4
827,916a,酪,4
827,92f8,鋸,4
827,3005,(着)々,4
827,621a,戚,4
827,6893,梓,4
827,8fe6,迦,4
827,77ef,矯,4
827,723e,爾,4
827,6c72,汲,4
827,5eb8,庸,4
827,826b,艫,4
827,62f7,拷,4
827,8237,舷,4
827,7573,畳,4
827,52c3,勃,4
827,97ad,鞭,4
827,932c,錬,4
827,7aba,窺,4
827,611a,愚,4
827,7766,睦,4
827,6960,楠,4
827,5197,冗,4
827,9784,鞄,4
827,86cd,蛍,4
827,82d7,苗,4
827,8e4a,蹊,4
827,8017,耗,4
827,51db,凛,4
827,8129,脩,4
827,6b23,欣,4
827,8de8,跨,4
827,8adc,諜,4
827,96c0,雀,4
827,698e,榎,4
827,5191,冑,4
827,82d4,苔,4
827,80af,肯,4
827,6e67,湧,4
827,6703,會,4
827,9453,鑓,4
827,9f13,鼓,4
827,3005,(国)々,4
827,548b,咋,4
827,80e4,胤,4
827,660f,昏,4
827,98b1,颱,4
827,8a0a,訊,4
827,86ee,蛮,4
827,6fe1,濡,4
827,6d19,洙,4
827,6bb7,殷,4
827,937e,鍾,4
828,752b,甫,3
828,4f5b,佛,3
828,6668,晨,3
828,6d9c,涜,3
828,71fb,燻,3
828,57dc,埜,3
828,831c,茜,3
828,614c,慌,3
828,65ac,斬,3
828,57e0,埠,3
828,73a9,玩,3
828,59ea,姪,3
828,6dcb,淋,3
828,85af,薯,3
828,5954,奔,3
828,5733,圳,3
828,9010,逐,3
828,9aed,髭,3
828,7dba,綺,3
828,5c3a,尺,3
828,8e99,躙,3
828,7b8b,箋,3
828,808b,肋,3
828,60c7,惇,3
828,5152,兒,3
828,5fbd,徽,3
828,5cef,峯,3
828,3005,(由)々,3
828,5e87,庇,3
828,7e8f,纏,3
828,9761,靡,3
828,6167,慧,3
828,5b54,孔,3
828,61a9,憩,3
828,55dc,嗜,3
828,54fa,哺,3
828,5141,允,3
828,5321,匡,3
828,9838,頸,3
828,9061,遡,3
828,5b2c,嬬,3
828,697c,楼,3
828,8096,肖,3
828,9b8e,鮎,3
828,5023,倣,3
828,699b,榛,3
828,3005,(大)々,3
828,56a5,嚥,3
828,7199,熙,3
828,8511,蔑,3
828,792b,礫,3
828,9786,鞆,3
828,5faa,循,3
828,8679,虹,3
828,3005,(堂)々,3
828,8d74,赴,3
828,982c,頬,3
828,3005,(奈)々,3
828,58d5,壕,3
828,74dc,瓜,3
828,68a2,梢,3
828,643e,搾,3
828,6abb,檻,3
828,6876,桶,3
828,5a2f,娯,3
828,5f27,弧,3
828,63c9,揉,3
828,68f9,棹,3
828,5b8d,宍,3
828,7b95,箕,3
828,6ea2,溢,3
828,6a05,樅,3
828,5451,呑,3
828,9d3b,鴻,3
828,51c4,凄,3
828,4e11,丑,3
828,7709,眉,3
828,7826,砦,3
828,7ce0,糠,3
828,99b3,馳,3
828,8da8,趨,3
828,9676,陶,3
828,7a63,穣,3
828,7e6d,繭,3
828,70df,烟,3
828,4ed4,仔,3
828,7aae,窮,3
828,73c2,珂,3
828,6063,恣,3
828,5e06,帆,3
828,9884,预,3
828,53d1,发,3
828,66fe,曾,3
828,5f3a,强,3
828,62dc,拜,3
828,5713,圓,3
828,8258,艘,3
828,9059,遙,3
828,71c1,燁,3
828,73ca,珊,3
828,745a,瑚,3
828,9e7d,鹽,3
828,8087,肇,3
828,5687,嚇,3
828,55c5,嗅,3
828,601c,怜,3
829,3005,(淡)々,2
829,65a1,斡,2
829,71d5,燕,2
829,5eb6,庶,2
829,7d21,紡,2
829,3005,(度)々,2
829,68b1,梱,2
829,8d73,赳,2
829,7525,甥,2
829,971c,霜,2
829,56a2,嚢,2
829,6292,抒,2
829,5edf,廟,2
829,70b3,炳,2
829,5ce0,峠,2
829,79be,禾,2
829,871c,蜜,2
829,8309,茉,2
829,6602,昂,2
829,6234,戴,2
829,660a,昊,2
829,5cfb,峻,2
829,647a,摺,2
829,553e,唾,2
829,932b,錫,2
829,8e42,蹂,2
829,70b8,炸,2
829,87f9,蟹,2
829,9688,隈,2
829,67d1,柑,2
829,7f75,罵,2
829,6fe4,濤,2
829,5289,劉,2
829,7ac8,竈,2
829,88fe,裾,2
829,8568,蕨,2
829,3005,(万)々,2
829,618e,憎,2
829,9438,鐸,2
829,5dbc,嶼,2
829,7dfb,緻,2
829,723a,爺,2
829,840e,萎,2
829,53a8,厨,2
829,5750,坐,2
829,6500,攀,2
829,5507,唇,2
829,582f,堯,2
829,76c3,盃,2
829,6652,晒,2
829,95a4,閤,2
829,676e,杮,2
829,4ec7,仇,2
829,9318,錘,2
829,8139,脹,2
829,7e5e,繞,2
829,905c,遜,2
829,82db,苛,2
829,82c5,苅,2
829,6055,恕,2
829,8c8c,貌,2
829,4e56,乖,2
829,7325,猥,2
829,6a1f,樟,2
829,3005,(再)々,2
829,90a8,邨,2
829,85e9,藩,2
829,53d4,叔,2
829,3005,(時)々,2
829,8e93,躓,2
829,62d9,拙,2
829,98f4,飴,2
829,8597,薗,2
829,818f,膏,2
829,5e25,帥,2
829,4e14,且,2
829,3005,(等)々,2
829,3005,(転)々,2
829,914c,酌,2
829,5875,塵,2
829,55a7,喧,2
829,5629,嘩,2
829,6c70,汰,2
829,3005,(色)々,2
829,9065,遥,2
829,990c,餌,2
829,56c1,囁,2
829,64e2,擢,2
829,8068,聨,2
829,3005,(年)々,2
829,783a,砺,2
829,984e,顎,2
829,6f15,漕,2
829,8f62,轢,2
829,6dbc,涼,2
829,849f,蒟,2
829,84bb,蒻,2
829,64b0,撰,2
829,936c,鍬,2
829,773a,眺,2
829,690b,椋,2
829,9081,邁,2
829,606b,恫,2
829,62ed,拭,2
829,5be6,實,2
829,6f70,潰,2
829,895f,襟,2
829,5271,剱,2
829,8154,腔,2
829,6582,斂,2
829,8475,葵,2
829,5ce8,峨,2
829,83d6,菖,2
829,7155,煕,2
829,9077,遷,2
829,7e8c,續,2
829,860a,蘊,2
829,3005,(面)々,2
829,3005,(正)々,2
829,502d,倭,2
829,6c50,汐,2
829,8153,腓,2
829,97ee,韮,2
829,69d9,槙,2
829,6f8e,澎,2
829,685d,桝,2
829,5302,匂,2
829,6b6a,歪,2
829,9b6f,魯,2
829,7538,甸,2
829,71be,熾,2
829,7165,煥,2
829,5d17,崗,2
829,759d,疝,2
829,986f,顯,2
829,8877,衷,2
829,7bb8,箸,2
829,8fbf,辿,2
829,817f,腿,2
829,3005,(翌)々,2
829,80a1,股,2
829,6cc4,泄,2
829,7483,璃,2
829,68b5,梵,2
829,5361,卡,2
829,6c14,气,2
829,5e94,应,2
829,8fea,迪,2
829,65f1,旱,2
829,9b43,魃,2
829,8b01,謁,2
829,5c9b,岛,2
829,50b3,傳,2
829,6c8c,沌,2
829,85ae,薮,2
829,5ec8,廈,2
829,83b2,莲,2
829,53bf,县,2
829,6c79,汹,2
829,88ad,袭,2
829,51fb,击,2
829,5eb5,庵,2
829,3005,(刻)々,2
829,5879,塹,2
829,8076,聶,2
829,8aa6,誦,2
829,3005,(島)々,2
829,541f,吟,2
829,514e,兎,2
829,75e9,痩,2
829,681e,栞,2
829,79df,租,2
829,8235,舵,2
829,7455,瑕,2
829,75b5,疵,2
829,803f,耿,2
829,86cb,蛋,2
829,5eff,廿,2
829,7396,玖,2
829,54b3,咳,2
829,8543,蕃,2
829,3005,(酒)々,2
829,9bab,鮫,2
829,7953,祓,2
829,69c7,槇,2
829,8000,耀,2
829,81a0,膠,2
829,9a37,騷,2
830,7280,犀,1
830,3005,(各)々,1
830,9019,這,1
830,5b5c,孜,1
830,4f91,侑,1
830,5d5c,嵜,1
830,3005,(共)々,1
830,6726,朦,1
830,6727,朧,1
830,6c4e,汎,1
830,5516,唖,1
830,5c4d,屍,1
830,60f6,惶,1
830,6912,椒,1
830,3005,(生)々,1
830,834f,荏,1
830,77ad,瞭,1
830,51f0,凰,1
830,5420,吠,1
830,5ee0,廠,1
830,6802,栂,1
830,6689,暉,1
830,51f8,凸,1
830,8af6,諶,1
830,7490,璐,1
830,8446,葆,1
830,67a1,枡,1
830,6853,桓,1
830,6070,恰,1
830,59f6,姶,1
830,7027,瀧,1
830,3005,(華)々,1
830,9162,酢,1
830,9be8,鯨,1
830,723d,爽,1
830,9591,閑,1
830,6144,慄,1
830,9eb9,麹,1
830,82b9,芹,1
830,9291,銑,1
830,52fa,勺,1
830,5301,匁,1
830,3005,(丸)々,1
830,3005,(広)々,1
830,9edb,黛,1
830,6cab,沫,1
830,70fd,烽,1
830,7d43,絃,1
830,7109,焉,1
830,893b,褻,1
830,6759,杙,1
830,8070,聰,1
830,4e99,亙,1
830,4fa0,侠,1
830,7099,炙,1
830,3005,(処)々,1
830,6ed3,滓,1
830,711a,焚,1
830,586b,填,1
830,7e37,縷,1
830,64ab,撫,1
830,634c,捌,1
830,6829,栩,1
830,9e78,鹸,1
830,9189,醉,1
830,81e5,臥,1
830,82af,芯,1
830,84ec,蓬,1
830,7f9e,羞,1
830,800c,而,1
830,6dd8,淘,1
830,8d0b,贋,1
830,699c,榜,1
830,52c1,勁,1
830,9041,遁,1
830,786f,硯,1
830,9e1e,鸞,1
830,91e9,釩,1
830,5a3c,娼,1
830,598d,妍,1
830,5a7f,婿,1
830,5815,堕,1
830,5f3c,弼,1
830,5700,圀,1
830,847a,葺,1
830,3005,(是)々,1
830,3005,(非)々,1
830,5ba5,宥,1
830,4e9b,些,1
830,9f5f,齟,1
830,9f6c,齬,1
830,8466,葦,1
830,5dd6,巖,1
830,5384,厄,1
830,6953,楓,1
830,93a7,鎧,1
830,9918,餘,1
830,8882,袂,1
830,7bc6,篆,1
830,8805,蠅,1
830,652a,攪,1
830,62cc,拌,1
830,7169,煩,1
830,602f,怯,1
830,93b9,鎹,1
830,64bc,撼,1
830,51c9,凉,1
830,8098,肘,1
830,88d4,裔,1
830,6ec9,滉,1
830,5f4a,彊,1
830,63f6,揶,1
830,63c4,揄,1
830,3005,(楽)々,1
830,505a,做,1
830,811b,脛,1
830,5080,傀,1
830,5121,儡,1
830,7435,琵,1
830,7436,琶,1
830,78d4,磔,1
830,822b,舫,1
830,698a,榊,1
830,7d06,紆,1
830,5830,堰,1
830,594e,奎,1
830,9c0d,鰍,1
830,7ae6,竦,1
830,8276,艶,1
830,8ecb,軋,1
830,88f3,裳,1
830,9d60,鵠,1
830,7473,瑳,1
830,58ec,壬,1
830,3005,(間)々,1
830,9dfa,鷺,1
830,701e,瀞,1
830,5f04,弄,1
830,3005,(口)々,1
830,88b4,袴,1
830,98c4,飄,1
830,3005,(飄)々,1
830,6f06,漆,1
830,4e1e,丞,1
830,6d12,洒,1
830,8e8a,躊,1
830,8e87,躇,1
830,7566,畦,1
830,6b3e,款,1
830,99b4,馴,1
830,7262,牢,1
830,93ac,鎬,1
830,5319,匙,1
830,9945,饅,1
830,60e3,惣,1
830,7825,砥,1
830,7d3a,紺,1
830,5e5f,幟,1
830,8997,覗,1
830,8471,葱,1
830,7149,煉,1
830,633d,挽,1
830,3005,(久)々,1
830,85fb,藻,1
830,8339,茹,1
830,633a,挺,1
830,5c39,尹,1
830,9b28,鬨,1
830,75b9,疹,1
830,6fe0,濠,1
830,8f13,輓,1
830,8703,蜃,1
830,81c6,臆,1
830,69cc,槌,1
830,9091,邑,1
830,68af,梯,1
830,4fdf,俟,1
830,62ac,抬,1
830,7656,癖,1
830,7c43,籃,1
830,6bec,毬,1
830,6a47,橇,1
830,3005,(上)々,1
830,5d6f,嵯,1
830,7a17,稗,1
830,976d,靭,1
830,7bc7,篇,1
830,83a2,莢,1
830,8862,衢,1
830,6dc5,淅,1
830,8f5f,轟,1
830,7015,瀕,1
830,96db,雛,1
830,68a0,梠,1
830,61fc,懼,1
830,6021,怡,1
830,60b6,悶,1
830,7e23,縣,1
830,6a45,橅,1
830,5962,奢,1
830,74bd,璽,1
830,3005,(志)々,1
830,3005,(恐)々,1
830,7d9c,綜,1
830,7962,祢,1
830,8acc,諌,1
830,8ba1,计,1
830,676d,杭,1
830,707e,灾,1
830,7ea7,级,1
830,54cd,响,1
830,6a02,樂,1
830,5e86,庆,1
830,7ea2,红,1
830,65af,斯,1
830,4e50,乐,1
830,56ed,园,1
830,5f00,开,1
830,4eea,仪,1
830,5e76,并,1
830,fa11,﨑,1
830,548e,咎,1
830,5766,坦,1
830,52c5,勅,1
830,8fbe,达,1
830,7ef4,维,1
830,743c,琼,1
830,63bb,掻,1
830,903e,逾,1
830,758f,疏,1
830,4e9e,亞,1
830,83ab,莫,1
830,65a7,斧,1
830,639f,掟,1
830,51b3,决,1
830,53c3,參,1
830,65f6,时,1
830,8bb8,许,1
830,4e30,丰,1
830,6ee8,滨,1
830,5377,卷,1
830,521b,创,1
830,7eaa,纪,1
830,5f55,录,1
830,52bf,势,1
830,9ed1,黑,1
830,53a6,厦,1
830,95e8,门,1
830,95fd,闽,1
830,7ca4,粤,1
830,79ef,积,1
830,6781,极,1
830,5907,备,1
830,903c,逼,1
830,856d,蕭,1
830,9022,逢,1
830,8521,蔡,1
830,846d,葭,1
830,584c,塌,1
830,7433,琳,1
830,6d38,洸,1
830,7c00,簀,1
830,5f0c,弌,1
830,606a,恪,1
830,694a,楊,1
830,4f7c,佼,1
830,6756,杖,1
830,62ee,拮,1
830,50ad,傭,1
830,837c,荼,1
830,6bd8,毘,1
830,55da,嗚,1
830,95be,閾,1
830,50b2,傲,1
830,805a,聚,1
830,5bf6,寶,1
830,6d1b,洛,1
830,7586,疆,1
830,86ef,蛯,1
830,7960,祠,1
830,66d9,曙,1
830,6350,捐,1
830,5fff,忿,1
830,8b2c,謬,1
830,8171,腱,1
830,7cdf,糟,1
830,3005,(近)々,1
830,8a3b,註,1
830,6555,敕,1
830,6641,晁,1
830,7f60,罠,1
830,722a,爪,1
830,6955,楕,1
830,5ac1,嫁,1
830,8180,膀,1
830,80f1,胱,1
830,6a59,橙,1
830,3005,(悠)々,1
830,8606,蘆,1
830,74da,瓚,1
830,700b,瀋,1
830,8f9c,辜,1
830,7e82,纂,1
830,8463,董,1
830,74a7,璧,1
830,6a48,橈,1
830,722c,爬,1
830,714e,煎,1
830,6636,昶,1
830,3005,(村)々,1
830,78a9,碩,1
830,80b1,肱,1
830,704c,灌,1
830,6f11,漑,1
830,6216,或,1
830,3005,(易)々,1
830,5c07,將,1
830,5e36,帶,1
830,6d36,洶,1
830,6c23,氣,1
830,7063,灣,1
830,665a,晚,1
830,745b,瑛,1
830,5e7f,广,1
830,4e1c,东,1
830,8a6e,詮,1
830,658c,斌,1
830,9ebf,麿,1
830,8910,褐,1
830,6c5d,汝,1
830,8a60,詠,1
830,685f,桟,1
830,591b,夛,1
830,7e1e,縞,1
830,576e,坮,1
830,57f4,埴,1
830,9598,閘,1
830,5433,吳,1
830,90b1,邱,1
830,8aaa,說,1
830,5a77,婷,1
830,9ec3,黃,1
830,5f6d,彭,1
830,921e,鈞,1
830,5f91,徑,1
830,68d8,棘,1
830,6939,椹,1
830,3005,(多)々,1
830,7a9f,窟,1
830,3005,(野)々,1
830,3005,(寿)々,1
830,809b,肛,1
830,3005,(山)々,1
830,887f,衿,1
830,5a1f,娟,1
830,6046,恆,1
830,8569,蕩,1
830,51e0,几,1
830,8299,芙,1
830,7c3e,簾,1
830,6eff,滿,1
830,58d3,壓,1
830,6043,恃,1
830,5f48,彈,1
830,99ae,馮,1
830,555f,啟,1
830,69ae,榮,1
830,52de,勞,1